# gpu    pwr  gtemp  mtemp     sm    mem    enc    dec    jpg    ofa   mclk   pclk     fb   bar1   ccpm 
# Idx      W      C      C      %      %      %      %      %      %    MHz    MHz     MB     MB     MB 
    0     16     42      -      0      2      0      0      0      0    405    195  31760     31      0 
    0     16     42      -      0      2      0      0      0      0    405    195  31760     31      0 
    0     17     42      -      0      2      0      0      0      0    405    195  31760     31      0 
    0     17     42      -      0      2      0      0      0      0    405    195  31760     31      0 
    0     17     42      -      0      2      0      0      0      0    405    195  31760     31      0 
    0     17     42      -      0      2      0      0      0      0    405    195  31760     31      0 
    0     17     42      -      0      2      0      0      0      0    405    195  31760     31      0 
    0     17     42      -      0      2      0      0      0      0    405    195  31760     31      0 
    0     17     42      -      0      2      0      0      0      0    405    195  31760     31      0 
    0     17     42      -      0      2      0      0      0      0    405    195  31760     31      0 
    0     17     42      -      0      2      0      0      0      0    405    195  31760     31      0 
    0     17     42      -      0      2      0      0      0      0    405    202  31760     31      0 
    0     17     42      -      0      2      0      0      0      0    405    195  31760     31      0 
    0     17     42      -      0      2      0      0      0      0    405    195  31760     31      0 
    0     17     42      -      0      2      0      0      0      0    405    195  31760     31      0 
    0     17     42      -      0      2      0      0      0      0    405    195  31760     31      0 
    0     17     42      -      0      3      0      0      0      0    405    292  31761     31      0 
    0     18     42      -      0      3      0      0      0      0    405    195  31761     31      0 
    0     17     42      -      0      3      0      0      0      0    405    210  31761     31      0 
    0     17     42      -      0      3      0      0      0      0    405    195  31761     31      0 
    0     17     42      -      0      3      0      0      0      0    405    195  31761     31      0 
    0     17     42      -      0      3      0      0      0      0    405    195  31760     31      0 
    0     17     42      -      0      3      0      0      0      0    405    195  31760     31      0 
    0    444     62      -    100     48      0      0      0      0  13801   2842  31760     31      0 
    0    597     63      -     97     43      0      0      0      0  13801   2835  31760     31      0 
    0    382     55      -     93     79      0      0      0      0  13801   2895  31762     31      0 
    0    388     56      -     92     79      0      0      0      0  13801   2910  31762     31      0 
    0    388     56      -     94     80      0      0      0      0  13801   2910  31762     31      0 
    0    388     56      -     93     79      0      0      0      0  13801   2910  31762     31      0 
    0    328     51      -      0      0      0      0      0      0  13801   2917  31762     31      0 
    0    349     55      -     93     74      0      0      0      0  13801   2910  31762     31      0 
    0    338     64      -    100     44      0      0      0      0  13801   2917  31762     31      0 
    0    326     56      -     94     74      0      0      0      0  13801   2910  31762     31      0 
    0    371     56      -     93     73      0      0      0      0  13801   2910  31762     31      0 
    0    373     57      -     93     74      0      0      0      0  13801   2910  31762     31      0 
    0    385     57      -     93     79      0      0      0      0  13801   2910  31762     31      0 
    0    391     58      -     92     78      0      0      0      0  13801   2910  31762     31      0 
    0    391     58      -     93     79      0      0      0      0  13801   2910  31762     31      0 
    0    392     58      -     93     79      0      0      0      0  13801   2910  31762     31      0 
    0    392     58      -     93     79      0      0      0      0  13801   2910  31762     31      0 
    0    392     58      -     92     78      0      0      0      0  13801   2910  31762     31      0 
    0    392     58      -     91     78      0      0      0      0  13801   2910  31762     31      0 
    0    394     59      -     93     79      0      0      0      0  13801   2910  31762     31      0 
    0    394     59      -     94     80      0      0      0      0  13801   2910  31762     31      0 
# gpu    pwr  gtemp  mtemp     sm    mem    enc    dec    jpg    ofa   mclk   pclk     fb   bar1   ccpm 
# Idx      W      C      C      %      %      %      %      %      %    MHz    MHz     MB     MB     MB 
    0    259     64      -     20      8      0      0      0      0  13801   2925  31762     31      0 
    0    436     67      -    100     48      0      0      0      0  13801   2917  31762     31      0 
    0    605     67      -    100     48      0      0      0      0  13801   2820  31763     31      0 
    0    501     55      -     14      7      0      0      0      0  13801   2850  31763     31      0 
    0    355     60      -     94     75      0      0      0      0  13801   2850  31765     31      0 
    0    396     60      -     94     75      0      0      0      0  13801   2910  31765     31      0 
    0    397     60      -     94     75      0      0      0      0  13801   2910  31765     31      0 
    0    397     60      -     93     74      0      0      0      0  13801   2910  31764     31      0 
    0    408     68      -    100     46      0      0      0      0  13801   2850  31764     31      0 
    0    599     68      -    100     43      0      0      0      0  13801   2827  31764     31      0 
    0    453     66      -     70     25      0      0      0      0  13801   2910  31764     31      0 
    0    499     68      -    100     42      0      0      0      0  13801   2820  31764     31      0 
    0    543     56      -      1      1      0      0      0      0  13801   2827  31764     31      0 
    0    475     69      -    100     41      0      0      0      0  13801   2820  31764     31      0 
    0    600     68      -    100     43      0      0      0      0  13801   2835  31764     31      0 
    0    471     69      -    100     44      0      0      0      0  13801   2880  31884     31      0 
    0    602     69      -    100     41      0      0      0      0  13801   2820  31884     31      0 
    0    598     70      -    100     42      0      0      0      0  13801   2835  31884     31      0 
    0    443     64      -     65     27      0      0      0      0  13801   2917  31884     31      0 
    0    415     61      -     95     76      0      0      0      0  13801   2910  31884     31      0 
    0    407     61      -     94     76      0      0      0      0  13801   2910  31884     31      0 
    0    500     70      -    100     40      0      0      0      0  13801   2850  31884     31      0 
    0    601     69      -    100     38      0      0      0      0  13801   2842  31884     31      0 
    0    562     58      -     12      5      0      0      0      0  13801   2850  31885     31      0 
    0    311     67      -     17      5      0      0      0      0  13801   2902  31885     31      0 
    0    443     61      -     95     77      0      0      0      0  13801   2910  31885     31      0 
    0    409     61      -     94     76      0      0      0      0  13801   2910  31885     31      0 
    0    403     68      -     86     68      0      0      0      0  13801   2910  31885     31      0 
    0    604     69      -    100     37      0      0      0      0  13801   2827  31884     31      0 
    0    600     70      -    100     36      0      0      0      0  13801   2842  31884     31      0 
    0    600     70      -    100     37      0      0      0      0  13801   2842  31884     31      0 
    0    598     70      -    100     33      0      0      0      0  13801   2857  31884     31      0 
    0    597     70      -     97     30      0      0      0      0  13801   2857  31884     31      0 
    0    596     71      -     96     34      0      0      0      0  13801   2835  31885     31      0 
    0    596     71      -    100     37      0      0      0      0  13801   2842  31885     31      0 
    0    598     71      -    100     28      0      0      0      0  13801   2835  31885     31      0 
    0    505     58      -      0      0      0      0      0      0  13801   2872  31885     31      0 
    0    387     69      -    100     49      0      0      0      0  13801   2887  31885     31      0 
    0    604     70      -    100     48      0      0      0      0  13801   2790  31884     31      0 
    0    599     70      -    100     45      0      0      0      0  13801   2820  31884     31      0 
    0    599     69      -    100     40      0      0      0      0  13801   2820  31884     31      0 
    0    599     71      -    100     37      0      0      0      0  13801   2827  31884     31      0 
    0    599     71      -    100     39      0      0      0      0  13801   2835  31884     31      0 
    0    599     71      -    100     38      0      0      0      0  13801   2812  31884     31      0 
# gpu    pwr  gtemp  mtemp     sm    mem    enc    dec    jpg    ofa   mclk   pclk     fb   bar1   ccpm 
# Idx      W      C      C      %      %      %      %      %      %    MHz    MHz     MB     MB     MB 
    0    597     71      -    100     36      0      0      0      0  13801   2827  31884     31      0 
    0    599     71      -    100     34      0      0      0      0  13801   2850  31884     31      0 
    0    600     71      -    100     37      0      0      0      0  13801   2857  31884     31      0 
    0    567     60      -     36     13      0      0      0      0  13801   2857  31884     31      0 
    0    314     64      -     95     78      0      0      0      0  13801   2895  31884     31      0 
    0    414     63      -     95     77      0      0      0      0  13801   2895  31884     31      0 
    0    501     70      -    100     49      0      0      0      0  13801   2835  31885     31      0 
    0    599     70      -    100     44      0      0      0      0  13801   2805  31885     31      0 
    0    599     71      -    100     44      0      0      0      0  13801   2790  31885     31      0 
    0    598     70      -    100     43      0      0      0      0  13801   2797  31885     31      0 
    0    601     71      -    100     41      0      0      0      0  13801   2827  31885     31      0 
    0    599     71      -    100     39      0      0      0      0  13801   2827  31885     31      0 
    0    598     72      -    100     37      0      0      0      0  13801   2827  31884     31      0 
    0    600     72      -    100     37      0      0      0      0  13801   2842  31884     31      0 
    0    599     71      -    100     34      0      0      0      0  13801   2827  31884     31      0 
    0    599     72      -    100     33      0      0      0      0  13801   2850  31884     31      0 
    0    599     72      -    100     34      0      0      0      0  13801   2850  31884     31      0 
    0    599     71      -    100     33      0      0      0      0  13801   2827  31888     31      0 
    0    593     72      -    100     28      0      0      0      0  13801   2850  31888     31      0 
    0    597     72      -    100     33      0      0      0      0  13801   2835  31888     31      0 
    0    595     72      -    100     28      0      0      0      0  13801   2827  31888     31      0 
    0    594     73      -    100     30      0      0      0      0  13801   2850  31888     31      0 
    0    435     70      -     61     16      0      0      0      0  13801   2902  31890     31      0 
    0    445     64      -     94     76      0      0      0      0  13801   2895  31887     31      0 
    0    548     71      -    100     47      0      0      0      0  13801   2797  31887     31      0 
    0    601     71      -    100     47      0      0      0      0  13801   2805  31887     31      0 
    0    598     72      -    100     42      0      0      0      0  13801   2805  31887     31      0 
    0    600     72      -    100     42      0      0      0      0  13801   2790  31887     31      0 
    0    600     71      -    100     38      0      0      0      0  13801   2797  31887     31      0 
    0    598     72      -    100     38      0      0      0      0  13801   2827  31887     31      0 
    0    600     72      -    100     37      0      0      0      0  13801   2835  31887     31      0 
    0    599     72      -    100     37      0      0      0      0  13801   2835  31887     31      0 
    0    600     73      -    100     37      0      0      0      0  13801   2835  31887     31      0 
    0    584     62      -     62     22      0      0      0      0  13801   2842  31887     31      0 
    0    457     72      -    100     37      0      0      0      0  13801   2857  31887     31      0 
    0    601     72      -    100     31      0      0      0      0  13801   2835  31887     31      0 
    0    593     73      -    100     29      0      0      0      0  13801   2857  31887     31      0 
    0    466     72      -    100     43      0      0      0      0  13801   2910  31927     31      0 
    0    602     72      -     97     44      0      0      0      0  13801   2790  31927     31      0 
    0    600     72      -    100     45      0      0      0      0  13801   2812  31927     31      0 
    0    599     72      -     98     42      0      0      0      0  13801   2782  31927     31      0 
    0    599     72      -    100     37      0      0      0      0  13801   2805  31927     31      0 
    0    599     72      -    100     40      0      0      0      0  13801   2820  31927     31      0 
    0    600     72      -    100     38      0      0      0      0  13801   2827  31927     31      0 
# gpu    pwr  gtemp  mtemp     sm    mem    enc    dec    jpg    ofa   mclk   pclk     fb   bar1   ccpm 
# Idx      W      C      C      %      %      %      %      %      %    MHz    MHz     MB     MB     MB 
    0    598     73      -    100     42      0      0      0      0  13801   2805  31927     31      0 
    0    602     72      -    100     37      0      0      0      0  13801   2827  31927     31      0 
    0    599     73      -    100     33      0      0      0      0  13801   2835  31927     31      0 
    0    599     73      -    100     35      0      0      0      0  13801   2835  31927     31      0 
    0    599     73      -    100     30      0      0      0      0  13801   2842  31927     31      0 
    0    599     73      -    100     29      0      0      0      0  13801   2850  31927     31      0 
    0    600     72      -    100     28      0      0      0      0  13801   2850  31927     31      0 
    0    597     72      -     97     27      0      0      0      0  13801   2850  31927     31      0 
    0    598     72      -     97     24      0      0      0      0  13801   2850  31928     31      0 
    0    600     73      -    100     29      0      0      0      0  13801   2857  31927     31      0 
    0    597     73      -    100     22      0      0      0      0  13801   2857  31927     31      0 
    0    598     73      -    100     21      0      0      0      0  13801   2857  31927     31      0 
    0    602     64      -    100     38      0      0      0      0  13801   2842  31927     31      0 
    0    506     73      -    100     33      0      0      0      0  13801   2827  31927     31      0 
    0    602     73      -    100     42      0      0      0      0  13801   2790  31927     31      0 
    0    599     73      -    100     40      0      0      0      0  13801   2790  31927     31      0 
    0    597     73      -     97     37      0      0      0      0  13801   2805  31927     31      0 
    0    600     73      -    100     37      0      0      0      0  13801   2805  31927     31      0 
    0    601     73      -    100     38      0      0      0      0  13801   2827  31927     31      0 
    0    599     73      -    100     35      0      0      0      0  13801   2827  31927     31      0 
    0    599     73      -    100     33      0      0      0      0  13801   2835  31927     31      0 
    0    597     73      -     97     30      0      0      0      0  13801   2835  31927     31      0 
    0    598     73      -     97     36      0      0      0      0  13801   2842  31927     31      0 
    0    598     74      -    100     37      0      0      0      0  13801   2820  31927     31      0 
    0    575     73      -     92     63      0      0      0      0  13801   2850  31927     31      0 
    0    600     73      -     96     26      0      0      0      0  13801   2850  31927     31      0 
    0    597     74      -     97     32      0      0      0      0  13801   2827  31927     31      0 
    0    598     73      -     97     25      0      0      0      0  13801   2827  31927     31      0 
    0    596     72      -    100     32      0      0      0      0  13801   2835  31929     31      0 
    0    400     66      -     93     76      0      0      0      0  13801   2865  31929     31      0 
    0    426     65      -     93     77      0      0      0      0  13801   2895  31929     31      0 
    0    427     65      -     94     78      0      0      0      0  13801   2895  31929     31      0 
    0    427     65      -     94     77      0      0      0      0  13801   2895  31929     31      0 
    0    541     72      -    100     48      0      0      0      0  13801   2790  31929     31      0 
    0    598     72      -     97     43      0      0      0      0  13801   2790  31929     31      0 
    0    598     72      -    100     45      0      0      0      0  13801   2797  31929     31      0 
    0    466     72      -    100     47      0      0      0      0  13801   2850  31930     31      0 
    0    601     72      -    100     47      0      0      0      0  13801   2797  31930     31      0 
    0    368     65      -     92     76      0      0      0      0  13801   2917  31929     31      0 
    0    452     72      -    100     46      0      0      0      0  13801   2895  31933     31      0 
    0    352     65      -     93     75      0      0      0      0  13801   2895  31933     31      0 
    0    413     64      -     95     77      0      0      0      0  13801   2895  31933     31      0 
    0    472     66      -    100     46      0      0      0      0  13801   2872  31933     31      0 
    0    324     64      -     94     75      0      0      0      0  13801   2895  31933     31      0 
# gpu    pwr  gtemp  mtemp     sm    mem    enc    dec    jpg    ofa   mclk   pclk     fb   bar1   ccpm 
# Idx      W      C      C      %      %      %      %      %      %    MHz    MHz     MB     MB     MB 
    0    402     64      -     94     75      0      0      0      0  13801   2895  31934     31      0 
    0    448     71      -    100     46      0      0      0      0  13801   2880  31933     31      0 
    0    604     71      -    100     42      0      0      0      0  13801   2790  31933     31      0 
    0    598     72      -    100     42      0      0      0      0  13801   2812  31933     31      0 
    0    598     72      -    100     38      0      0      0      0  13801   2827  31933     31      0 
    0    600     72      -    100     37      0      0      0      0  13801   2812  31933     31      0 
    0    599     72      -    100     37      0      0      0      0  13801   2842  31933     31      0 
    0    600     72      -    100     34      0      0      0      0  13801   2842  31933     31      0 
    0    597     72      -     97     37      0      0      0      0  13801   2812  31933     31      0 
    0    596     73      -    100     30      0      0      0      0  13801   2812  31934     31      0 
    0    601     73      -    100     36      0      0      0      0  13801   2827  31933     31      0 
    0    598     72      -    100     37      0      0      0      0  13801   2827  31933     31      0 
    0    598     72      -    100     27      0      0      0      0  13801   2827  31933     31      0 
    0    598     72      -    100     26      0      0      0      0  13801   2835  31933     31      0 
    0    600     72      -    100     24      0      0      0      0  13801   2850  31933     31      0 
    0    599     72      -    100     36      0      0      0      0  13801   2850  31933     31      0 
    0    598     73      -    100     32      0      0      0      0  13801   2857  31933     31      0 
    0    597     73      -    100     34      0      0      0      0  13801   2865  31933     31      0 
    0    595     73      -     96     22      0      0      0      0  13801   2857  31933     31      0 
    0    433     71      -    100     26      0      0      0      0  13801   2917  31933     31      0 
    0    525     72      -    100     49      0      0      0      0  13801   2872  31933     31      0 
    0    598     72      -     96     45      0      0      0      0  13801   2767  31934     31      0 
    0    599     72      -     97     44      0      0      0      0  13801   2790  31934     31      0 
    0    599     72      -    100     41      0      0      0      0  13801   2790  31933     31      0 
    0    599     73      -    100     41      0      0      0      0  13801   2812  31933     31      0 
    0    597     73      -     99     39      0      0      0      0  13801   2812  31933     31      0 
    0    600     73      -    100     37      0      0      0      0  13801   2820  31933     31      0 
    0    599     73      -    100     37      0      0      0      0  13801   2827  31933     31      0 
    0    599     73      -    100     35      0      0      0      0  13801   2835  31933     31      0 
    0    600     73      -    100     36      0      0      0      0  13801   2827  31933     31      0 
    0    597     73      -     97     32      0      0      0      0  13801   2835  31933     31      0 
    0    600     74      -    100     37      0      0      0      0  13801   2820  31933     31      0 
    0    601     73      -    100     36      0      0      0      0  13801   2850  31933     31      0 
    0    598     73      -    100     28      0      0      0      0  13801   2842  31933     31      0 
    0    593     72      -    100     30      0      0      0      0  13801   2850  31933     31      0 
    0    434     66      -    100     31      0      0      0      0  13801   2850  31933     31      0 
    0    426     65      -     95     78      0      0      0      0  13801   2895  31933     31      0 
    0    423     65      -     91     74      0      0      0      0  13801   2895  31933     31      0 
    0    420     65      -     94     77      0      0      0      0  13801   2895  31933     31      0 
    0    419     64      -     94     77      0      0      0      0  13801   2895  31933     31      0 
    0    480     72      -    100     49      0      0      0      0  13801   2872  31933     31      0 
    0    599     72      -     96     44      0      0      0      0  13801   2790  31933     31      0 
    0    597     72      -     97     43      0      0      0      0  13801   2775  31933     31      0 
    0    601     72      -    100     42      0      0      0      0  13801   2812  31933     31      0 
# gpu    pwr  gtemp  mtemp     sm    mem    enc    dec    jpg    ofa   mclk   pclk     fb   bar1   ccpm 
# Idx      W      C      C      %      %      %      %      %      %    MHz    MHz     MB     MB     MB 
    0    599     72      -    100     41      0      0      0      0  13801   2790  31933     31      0 
    0    598     73      -    100     38      0      0      0      0  13801   2797  31933     31      0 
    0    600     72      -    100     38      0      0      0      0  13801   2827  31933     31      0 
    0    599     72      -    100     35      0      0      0      0  13801   2805  31933     31      0 
    0    600     72      -    100     35      0      0      0      0  13801   2835  31933     31      0 
    0    597     73      -     97     31      0      0      0      0  13801   2827  31933     31      0 
    0    598     73      -    100     30      0      0      0      0  13801   2820  31931     31      0 
    0    600     73      -    100     31      0      0      0      0  13801   2820  31931     31      0 
    0    598     73      -    100     28      0      0      0      0  13801   2827  31931     31      0 
    0    600     73      -    100     34      0      0      0      0  13801   2835  31931     31      0 
    0    598     73      -    100     31      0      0      0      0  13801   2827  31931     31      0 
    0    598     73      -    100     35      0      0      0      0  13801   2827  31931     31      0 
    0    597     73      -    100     26      0      0      0      0  13801   2835  31931     31      0 
    0    595     73      -    100     23      0      0      0      0  13801   2827  31931     31      0 
    0    596     74      -    100     29      0      0      0      0  13801   2835  31931     31      0 
    0    594     72      -     97     28      0      0      0      0  13801   2835  31931     31      0 
    0    595     73      -    100     34      0      0      0      0  13801   2827  31931     31      0 
    0    591     65      -    100     38      0      0      0      0  13801   2842  31931     31      0 
    0    473     73      -    100     44      0      0      0      0  13801   2820  31931     31      0 
    0    602     73      -    100     45      0      0      0      0  13801   2782  31931     31      0 
    0    600     73      -    100     44      0      0      0      0  13801   2797  31931     31      0 
    0    598     73      -    100     42      0      0      0      0  13801   2820  31931     31      0 
    0    414     66      -     95     79      0      0      0      0  13801   2895  31931     31      0 
    0    520     73      -    100     49      0      0      0      0  13801   2782  31931     31      0 
    0    599     72      -    100     46      0      0      0      0  13801   2790  31931     31      0 
    0    599     73      -    100     42      0      0      0      0  13801   2797  31931     31      0 
    0    599     73      -    100     43      0      0      0      0  13801   2805  31931     31      0 
    0    598     73      -    100     40      0      0      0      0  13801   2820  31931     31      0 
    0    434     67      -     44     19      0      0      0      0  13801   2895  31931     31      0 
    0    471     73      -    100     44      0      0      0      0  13801   2835  31931     31      0 
    0    603     72      -    100     45      0      0      0      0  13801   2805  31931     31      0 
    0    598     73      -     97     41      0      0      0      0  13801   2812  31931     31      0 
    0    600     73      -    100     41      0      0      0      0  13801   2790  31931     31      0 
    0    600     73      -    100     38      0      0      0      0  13801   2820  31931     31      0 
    0    410     66      -     94     77      0      0      0      0  13801   2872  31931     31      0 
    0    419     65      -     92     75      0      0      0      0  13801   2895  31931     31      0 
    0    418     65      -     93     77      0      0      0      0  13801   2895  31933     31      0 
    0    419     65      -     94     77      0      0      0      0  13801   2895  31933     31      0 
    0    421     64      -     95     78      0      0      0      0  13801   2895  31933     31      0 
    0    514     71      -    100     46      0      0      0      0  13801   2805  31933     31      0 
    0    599     72      -     97     41      0      0      0      0  13801   2812  31933     31      0 
    0    599     72      -    100     40      0      0      0      0  13801   2812  31932     31      0 
    0    599     73      -    100     39      0      0      0      0  13801   2797  31932     31      0 
    0    599     73      -    100     37      0      0      0      0  13801   2805  31932     31      0 
# gpu    pwr  gtemp  mtemp     sm    mem    enc    dec    jpg    ofa   mclk   pclk     fb   bar1   ccpm 
# Idx      W      C      C      %      %      %      %      %      %    MHz    MHz     MB     MB     MB 
    0    598     72      -    100     37      0      0      0      0  13801   2812  31932     31      0 
    0    598     72      -     97     36      0      0      0      0  13801   2820  31932     31      0 
    0    601     72      -    100     36      0      0      0      0  13801   2842  31932     31      0 
    0    599     73      -    100     37      0      0      0      0  13801   2850  31932     31      0 
    0    600     73      -    100     29      0      0      0      0  13801   2842  31932     31      0 
    0    600     73      -    100     32      0      0      0      0  13801   2850  31932     31      0 
    0    599     73      -    100     29      0      0      0      0  13801   2850  31932     31      0 
    0    599     73      -    100     32      0      0      0      0  13801   2842  31932     31      0 
    0    600     73      -    100     24      0      0      0      0  13801   2857  31932     31      0 
    0    596     73      -    100     36      0      0      0      0  13801   2835  31932     31      0 
    0    433     69      -    100     23      0      0      0      0  13801   2887  31932     31      0 
    0    422     65      -     95     78      0      0      0      0  13801   2895  31932     31      0 
    0    415     65      -     94     77      0      0      0      0  13801   2895  31932     31      0 
    0    412     65      -     94     77      0      0      0      0  13801   2895  31932     31      0 
    0    412     64      -     94     77      0      0      0      0  13801   2895  31932     31      0 
    0    410     64      -     94     77      0      0      0      0  13801   2895  31932     31      0 
    0    411     64      -     95     77      0      0      0      0  13801   2895  31932     31      0 
    0    412     64      -     94     77      0      0      0      0  13801   2895  31932     31      0 
    0    411     64      -     94     77      0      0      0      0  13801   2895  31932     31      0 
    0    411     64      -     94     77      0      0      0      0  13801   2895  31932     31      0 
    0    411     63      -     93     76      0      0      0      0  13801   2895  31932     31      0 
    0    410     64      -     93     76      0      0      0      0  13801   2895  31932     31      0 
    0    409     64      -     95     77      0      0      0      0  13801   2895  31933     31      0 
    0    409     63      -     93     76      0      0      0      0  13801   2895  31933     31      0 
    0    410     63      -     93     76      0      0      0      0  13801   2895  31933     31      0 
    0    411     63      -     95     77      0      0      0      0  13801   2895  31933     31      0 
    0    409     63      -     94     77      0      0      0      0  13801   2895  31933     31      0 
    0    410     63      -     92     75      0      0      0      0  13801   2895  31932     31      0 
    0    410     63      -     94     76      0      0      0      0  13801   2895  31932     31      0 
    0    410     63      -     94     77      0      0      0      0  13801   2895  31932     31      0 
    0    410     63      -     94     77      0      0      0      0  13801   2895  31932     31      0 
    0    410     63      -     95     77      0      0      0      0  13801   2895  31932     31      0 
    0    411     63      -     95     77      0      0      0      0  13801   2895  31932     31      0 
    0    409     63      -     94     77      0      0      0      0  13801   2895  31932     31      0 
    0    409     62      -     93     76      0      0      0      0  13801   2895  31932     31      0 
    0    409     63      -     95     77      0      0      0      0  13801   2895  31932     31      0 
    0    409     63      -     95     77      0      0      0      0  13801   2895  31932     31      0 
    0    408     62      -     95     77      0      0      0      0  13801   2895  31932     31      0 
    0    408     62      -     95     78      0      0      0      0  13801   2895  31932     31      0 
    0    409     62      -     94     77      0      0      0      0  13801   2895  31932     31      0 
    0    409     62      -     94     77      0      0      0      0  13801   2895  31932     31      0 
    0    409     62      -     93     76      0      0      0      0  13801   2895  31932     31      0 
    0    408     62      -     94     77      0      0      0      0  13801   2895  31932     31      0 
    0    408     62      -     93     76      0      0      0      0  13801   2895  31932     31      0 
# gpu    pwr  gtemp  mtemp     sm    mem    enc    dec    jpg    ofa   mclk   pclk     fb   bar1   ccpm 
# Idx      W      C      C      %      %      %      %      %      %    MHz    MHz     MB     MB     MB 
    0    407     62      -     94     77      0      0      0      0  13801   2895  31932     31      0 
    0    407     62      -     95     77      0      0      0      0  13801   2895  31932     31      0 
    0    403     61      -     90     74      0      0      0      0  13801   2902  31932     31      0 
    0    397     62      -     89     73      0      0      0      0  13801   2910  31932     31      0 
    0    402     62      -     93     76      0      0      0      0  13801   2910  31932     31      0 
    0    403     62      -     90     74      0      0      0      0  13801   2910  31932     31      0 
    0    405     62      -     93     76      0      0      0      0  13801   2910  31932     31      0 
    0    408     62      -     93     76      0      0      0      0  13801   2910  31932     31      0 
    0    406     62      -     94     77      0      0      0      0  13801   2910  31933     31      0 
    0    408     62      -     93     76      0      0      0      0  13801   2910  31933     31      0 
    0    408     62      -     95     77      0      0      0      0  13801   2910  31933     31      0 
    0    408     62      -     95     77      0      0      0      0  13801   2910  31933     31      0 
    0    408     62      -     93     76      0      0      0      0  13801   2910  31933     31      0 
    0    408     62      -     95     78      0      0      0      0  13801   2910  31932     31      0 
    0    407     61      -     94     77      0      0      0      0  13801   2910  31932     31      0 
    0    408     62      -     95     77      0      0      0      0  13801   2910  31932     31      0 
    0    399     62      -     95     77      0      0      0      0  13801   2910  31932     31      0 
    0    408     62      -     93     76      0      0      0      0  13801   2910  31932     31      0 
    0    408     61      -     95     78      0      0      0      0  13801   2910  31932     31      0 
    0    408     61      -     93     76      0      0      0      0  13801   2910  31932     31      0 
    0    409     62      -     94     77      0      0      0      0  13801   2910  31932     31      0 
    0    409     61      -     95     78      0      0      0      0  13801   2910  31932     31      0 
    0    408     62      -     94     77      0      0      0      0  13801   2910  31932     31      0 
    0    408     61      -     94     77      0      0      0      0  13801   2910  31932     31      0 
    0    408     61      -     95     78      0      0      0      0  13801   2910  31932     31      0 
    0    408     61      -     93     76      0      0      0      0  13801   2910  31932     31      0 
    0    408     61      -     95     78      0      0      0      0  13801   2910  31932     31      0 
    0    408     61      -     94     77      0      0      0      0  13801   2910  31932     31      0 
    0    408     61      -     94     77      0      0      0      0  13801   2910  31932     31      0 
    0    408     61      -     94     77      0      0      0      0  13801   2910  31932     31      0 
    0    408     61      -     93     76      0      0      0      0  13801   2910  31932     31      0 
    0    408     61      -     94     77      0      0      0      0  13801   2910  31932     31      0 
    0    408     61      -     93     76      0      0      0      0  13801   2910  31932     31      0 
    0    408     61      -     95     77      0      0      0      0  13801   2910  31932     31      0 
    0    408     61      -     94     77      0      0      0      0  13801   2910  31932     31      0 
    0    408     61      -     93     76      0      0      0      0  13801   2910  31932     31      0 
    0    408     61      -     95     78      0      0      0      0  13801   2910  31932     31      0 
    0    408     61      -     93     76      0      0      0      0  13801   2910  31932     31      0 
    0    407     61      -     95     77      0      0      0      0  13801   2910  31933     31      0 
    0    407     61      -     94     77      0      0      0      0  13801   2910  31933     31      0 
    0    492     68      -    100     49      0      0      0      0  13801   2805  31933     31      0 
    0    599     69      -    100     47      0      0      0      0  13801   2797  31933     31      0 
    0    600     70      -    100     45      0      0      0      0  13801   2812  31933     31      0 
    0    599     70      -    100     43      0      0      0      0  13801   2827  31932     31      0 
# gpu    pwr  gtemp  mtemp     sm    mem    enc    dec    jpg    ofa   mclk   pclk     fb   bar1   ccpm 
# Idx      W      C      C      %      %      %      %      %      %    MHz    MHz     MB     MB     MB 
    0    600     70      -    100     42      0      0      0      0  13801   2827  31932     31      0 
    0    598     70      -     97     38      0      0      0      0  13801   2827  31932     31      0 
    0    599     71      -    100     37      0      0      0      0  13801   2820  31932     31      0 
    0    600     70      -    100     37      0      0      0      0  13801   2820  31932     31      0 
    0    599     71      -    100     34      0      0      0      0  13801   2835  31932     31      0 
    0    600     71      -    100     35      0      0      0      0  13801   2835  31932     31      0 
    0    597     71      -     97     34      0      0      0      0  13801   2835  31932     31      0 
    0    599     72      -    100     31      0      0      0      0  13801   2842  31932     31      0 
    0    599     71      -    100     29      0      0      0      0  13801   2850  31932     31      0 
    0    597     71      -    100     34      0      0      0      0  13801   2835  31932     31      0 
    0    604     72      -    100     49      0      0      0      0  13801   2820  31932     31      0 
    0    604     71      -    100     46      0      0      0      0  13801   2797  31932     31      0 
    0    599     71      -    100     43      0      0      0      0  13801   2805  31932     31      0 
    0    600     71      -    100     46      0      0      0      0  13801   2782  31932     31      0 
    0    466     71      -    100     44      0      0      0      0  13801   2797  31932     31      0 
    0    600     71      -    100     46      0      0      0      0  13801   2805  31932     31      0 
    0    598     72      -    100     43      0      0      0      0  13801   2812  31932     31      0 
    0    600     71      -    100     40      0      0      0      0  13801   2820  31932     31      0 
    0    599     72      -    100     39      0      0      0      0  13801   2797  31932     31      0 
    0    598     72      -    100     37      0      0      0      0  13801   2812  31932     31      0 
    0    601     72      -    100     37      0      0      0      0  13801   2812  31932     31      0 
    0    461     72      -    100     43      0      0      0      0  13801   2835  31932     31      0 
    0    602     71      -    100     42      0      0      0      0  13801   2797  31932     31      0 
    0    598     72      -     97     41      0      0      0      0  13801   2812  31933     31      0 
    0    600     72      -    100     38      0      0      0      0  13801   2812  31933     31      0 
    0    599     72      -    100     39      0      0      0      0  13801   2820  31933     31      0 
    0    599     72      -    100     37      0      0      0      0  13801   2805  31933     31      0 
    0    599     72      -    100     38      0      0      0      0  13801   2827  31933     31      0 
    0    599     73      -    100     33      0      0      0      0  13801   2835  31932     31      0 
    0    445     70      -    100     33      0      0      0      0  13801   2895  31932     31      0 
    0    463     65      -     94     77      0      0      0      0  13801   2895  31932     31      0 
    0    425     65      -     94     77      0      0      0      0  13801   2895  31932     31      0 
    0    424     64      -     95     78      0      0      0      0  13801   2895  31932     31      0 
    0    593     72      -    100     47      0      0      0      0  13801   2797  31932     31      0 
    0    599     72      -    100     46      0      0      0      0  13801   2805  31932     31      0 
    0    599     72      -    100     45      0      0      0      0  13801   2805  31932     31      0 
    0    599     72      -    100     40      0      0      0      0  13801   2812  31932     31      0 
    0    599     72      -    100     40      0      0      0      0  13801   2820  31932     31      0 
    0    600     72      -    100     38      0      0      0      0  13801   2820  31932     31      0 
    0    598     73      -    100     36      0      0      0      0  13801   2835  31932     31      0 
    0    600     72      -    100     38      0      0      0      0  13801   2835  31932     31      0 
    0    599     73      -    100     33      0      0      0      0  13801   2842  31933     31      0 
    0    599     74      -    100     33      0      0      0      0  13801   2842  31933     31      0 
    0    599     73      -    100     31      0      0      0      0  13801   2842  31933     31      0 
# gpu    pwr  gtemp  mtemp     sm    mem    enc    dec    jpg    ofa   mclk   pclk     fb   bar1   ccpm 
# Idx      W      C      C      %      %      %      %      %      %    MHz    MHz     MB     MB     MB 
    0    599     73      -    100     29      0      0      0      0  13801   2850  31933     31      0 
    0    440     65      -     94     77      0      0      0      0  13801   2895  31933     31      0 
    0    417     65      -     94     77      0      0      0      0  13801   2895  31933     31      0 
    0    583     73      -    100     47      0      0      0      0  13801   2790  31933     31      0 
    0    599     73      -    100     44      0      0      0      0  13801   2782  31933     31      0 
    0    598     73      -     97     43      0      0      0      0  13801   2805  31933     31      0 
    0    601     73      -    100     42      0      0      0      0  13801   2820  31932     31      0 
    0    600     73      -    100     38      0      0      0      0  13801   2827  31933     31      0 
    0    600     73      -    100     37      0      0      0      0  13801   2827  31934     31      0 
    0    599     73      -    100     36      0      0      0      0  13801   2827  31934     31      0 
    0    598     73      -     97     38      0      0      0      0  13801   2812  31934     31      0 
    0    600     74      -    100     34      0      0      0      0  13801   2827  31933     31      0 
    0    599     73      -    100     37      0      0      0      0  13801   2820  31933     31      0 
    0    600     74      -    100     31      0      0      0      0  13801   2850  31933     31      0 
    0    600     74      -    100     33      0      0      0      0  13801   2850  31933     31      0 
    0    598     74      -    100     28      0      0      0      0  13801   2827  31933     31      0 
    0    599     74      -    100     29      0      0      0      0  13801   2835  31933     31      0 
    0    598     74      -    100     23      0      0      0      0  13801   2835  31933     31      0 
    0    597     73      -    100     30      0      0      0      0  13801   2835  31933     31      0 
    0    595     73      -    100     30      0      0      0      0  13801   2835  31933     31      0 
    0    473     67      -     11      6      0      0      0      0  13801   2902  31933     31      0 
    0    451     65      -     91     75      0      0      0      0  13801   2895  31933     31      0 
    0    413     65      -     94     77      0      0      0      0  13801   2895  31933     31      0 
    0    412     65      -     93     76      0      0      0      0  13801   2895  31933     31      0 
    0    550     72      -     97     46      0      0      0      0  13801   2775  31933     31      0 
    0    598     72      -    100     44      0      0      0      0  13801   2790  31933     31      0 
    0    600     73      -    100     45      0      0      0      0  13801   2797  31933     31      0 
    0    598     70      -     97     40      0      0      0      0  13801   2797  31933     31      0 
    0    599     73      -    100     40      0      0      0      0  13801   2797  31933     31      0 
    0    599     73      -    100     38      0      0      0      0  13801   2797  31933     31      0 
    0    599     73      -    100     37      0      0      0      0  13801   2805  31933     31      0 
    0    598     73      -    100     35      0      0      0      0  13801   2812  31933     31      0 
    0    600     74      -    100     33      0      0      0      0  13801   2827  31933     31      0 
    0    599     73      -    100     32      0      0      0      0  13801   2827  31933     31      0 
    0    600     73      -    100     33      0      0      0      0  13801   2827  31933     31      0 
    0    598     74      -    100     29      0      0      0      0  13801   2820  31933     31      0 
    0    600     73      -    100     33      0      0      0      0  13801   2820  31933     31      0 
    0    597     74      -    100     27      0      0      0      0  13801   2827  31933     31      0 
    0    598     74      -    100     25      0      0      0      0  13801   2827  31933     31      0 
    0    599     73      -    100     34      0      0      0      0  13801   2827  31933     31      0 
    0    596     74      -    100     24      0      0      0      0  13801   2827  31933     31      0 
    0    595     74      -    100     27      0      0      0      0  13801   2827  31933     31      0 
    0    595     73      -    100     35      0      0      0      0  13801   2835  31933     31      0 
    0    593     74      -    100     23      0      0      0      0  13801   2827  31933     31      0 
# gpu    pwr  gtemp  mtemp     sm    mem    enc    dec    jpg    ofa   mclk   pclk     fb   bar1   ccpm 
# Idx      W      C      C      %      %      %      %      %      %    MHz    MHz     MB     MB     MB 
    0    487     69      -     26     13      0      0      0      0  13801   2902  31933     31      0 
    0    563     74      -     97     46      0      0      0      0  13801   2850  31933     31      0 
    0    606     73      -    100     47      0      0      0      0  13801   2790  31933     31      0 
    0    598     73      -    100     45      0      0      0      0  13801   2805  31933     31      0 
    0    601     73      -    100     43      0      0      0      0  13801   2805  31933     31      0 
    0    599     73      -     98     41      0      0      0      0  13801   2812  31933     31      0 
    0    598     74      -    100     38      0      0      0      0  13801   2820  31933     31      0 
    0    599     74      -    100     37      0      0      0      0  13801   2805  31933     31      0 
    0    600     73      -    100     37      0      0      0      0  13801   2827  31933     31      0 
    0    600     73      -    100     37      0      0      0      0  13801   2827  31933     31      0 
    0    551     64      -      0      0      0      0      0      0  13801   2857  31933     31      0 
    0    371     66      -     94     77      0      0      0      0  13801   2895  31933     31      0 
    0    424     66      -     93     77      0      0      0      0  13801   2895  31935     31      0 
    0    422     65      -     94     78      0      0      0      0  13801   2895  31935     31      0 
    0    480     72      -    100     49      0      0      0      0  13801   2820  31935     31      0 
    0    599     72      -     96     44      0      0      0      0  13801   2790  31935     31      0 
    0    599     73      -    100     45      0      0      0      0  13801   2775  31935     31      0 
    0    597     73      -     97     41      0      0      0      0  13801   2782  31933     31      0 
    0    600     73      -    100     40      0      0      0      0  13801   2812  31933     31      0 
    0    599     73      -    100     41      0      0      0      0  13801   2820  31933     31      0 
    0    598     73      -     97     37      0      0      0      0  13801   2820  31933     31      0 
    0    599     73      -    100     37      0      0      0      0  13801   2835  31933     31      0 
    0    599     72      -    100     37      0      0      0      0  13801   2805  31933     31      0 
    0    599     74      -    100     33      0      0      0      0  13801   2812  31933     31      0 
    0    599     74      -    100     32      0      0      0      0  13801   2835  31933     31      0 
    0    600     73      -    100     35      0      0      0      0  13801   2820  31933     31      0 
    0    599     74      -    100     33      0      0      0      0  13801   2842  31933     31      0 
    0    597     74      -    100     31      0      0      0      0  13801   2827  31934     31      0 
    0    457     73      -    100     44      0      0      0      0  13801   2812  31934     31      0 
    0    602     73      -    100     46      0      0      0      0  13801   2797  31933     31      0 
    0    600     74      -    100     43      0      0      0      0  13801   2797  31933     31      0 
    0    502     62      -      8      4      0      0      0      0  13801   2895  31933     31      0 
    0    403     66      -     93     77      0      0      0      0  13801   2895  31933     31      0 
    0    427     65      -     94     78      0      0      0      0  13801   2895  31933     31      0 
    0    514     72      -    100     48      0      0      0      0  13801   2790  31934     31      0 
    0    599     72      -    100     46      0      0      0      0  13801   2775  31933     31      0 
    0    600     72      -    100     41      0      0      0      0  13801   2797  31933     31      0 
    0    601     73      -    100     42      0      0      0      0  13801   2797  31933     31      0 
    0    599     73      -    100     39      0      0      0      0  13801   2790  31933     31      0 
    0    597     73      -     97     36      0      0      0      0  13801   2797  31933     31      0 
    0    600     73      -    100     36      0      0      0      0  13801   2812  31933     31      0 
    0    600     74      -    100     35      0      0      0      0  13801   2805  31933     31      0 
    0    600     73      -    100     36      0      0      0      0  13801   2812  31933     31      0 
    0    599     73      -    100     35      0      0      0      0  13801   2812  31933     31      0 
# gpu    pwr  gtemp  mtemp     sm    mem    enc    dec    jpg    ofa   mclk   pclk     fb   bar1   ccpm 
# Idx      W      C      C      %      %      %      %      %      %    MHz    MHz     MB     MB     MB 
    0    599     74      -    100     30      0      0      0      0  13801   2820  31933     31      0 
    0    599     74      -    100     29      0      0      0      0  13801   2820  31933     31      0 
    0    448     61      -     41     12      0      0      0      0  13801   2910  31935     31      0 
    0    459     65      -     94     77      0      0      0      0  13801   2895  31935     31      0 
    0    424     65      -     94     78      0      0      0      0  13801   2895  31935     31      0 
    0    424     65      -     94     78      0      0      0      0  13801   2895  31935     31      0 
    0    424     65      -     95     78      0      0      0      0  13801   2895  31935     31      0 
    0    425     65      -     94     77      0      0      0      0  13801   2895  31935     31      0 
    0    422     65      -     89     70      0      0      0      0  13801   2895  31935     31      0 
    0    590     71      -    100     46      0      0      0      0  13801   2760  31935     31      0 
    0    599     72      -    100     46      0      0      0      0  13801   2797  31935     31      0 
    0    598     73      -     97     41      0      0      0      0  13801   2805  31935     31      0 
    0    600     73      -    100     40      0      0      0      0  13801   2812  31935     31      0 
    0    599     72      -    100     40      0      0      0      0  13801   2812  31936     31      0 
    0    598     72      -     97     38      0      0      0      0  13801   2820  31935     31      0 
    0    598     73      -    100     36      0      0      0      0  13801   2812  31935     31      0 
    0    600     74      -    100     34      0      0      0      0  13801   2812  31935     31      0 
    0    599     73      -    100     33      0      0      0      0  13801   2812  31935     31      0 
    0    599     73      -    100     31      0      0      0      0  13801   2812  31935     31      0 
    0    600     73      -    100     32      0      0      0      0  13801   2820  31935     31      0 
    0    599     73      -    100     33      0      0      0      0  13801   2820  31935     31      0 
    0    599     74      -    100     27      0      0      0      0  13801   2827  31935     31      0 
    0    598     74      -     97     25      0      0      0      0  13801   2827  31935     31      0 
    0    598     74      -    100     25      0      0      0      0  13801   2827  31935     31      0 
    0    599     73      -    100     37      0      0      0      0  13801   2827  31935     31      0 
    0    596     73      -    100     32      0      0      0      0  13801   2827  31935     31      0 
    0    597     73      -    100     35      0      0      0      0  13801   2827  31935     31      0 
    0    594     74      -    100     22      0      0      0      0  13801   2835  31935     31      0 
    0    594     73      -    100     32      0      0      0      0  13801   2835  31935     31      0 
    0    592     73      -    100     32      0      0      0      0  13801   2835  31935     31      0 
    0    591     73      -    100     25      0      0      0      0  13801   2835  31935     31      0 
    0    466     61      -      5      3      0      0      0      0  13801   2910  31935     31      0 
    0    390     65      -     95     77      0      0      0      0  13801   2895  31935     31      0 
    0    415     65      -     94     77      0      0      0      0  13801   2895  31935     31      0 
    0    413     65      -     95     78      0      0      0      0  13801   2895  31935     31      0 
    0    413     65      -     94     77      0      0      0      0  13801   2895  31935     31      0 
    0    413     65      -     93     76      0      0      0      0  13801   2895  31935     31      0 
    0    413     65      -     94     77      0      0      0      0  13801   2895  31935     31      0 
    0    405     64      -     95     78      0      0      0      0  13801   2895  31935     31      0 
    0    413     64      -     93     76      0      0      0      0  13801   2895  31935     31      0 
    0    412     64      -     93     76      0      0      0      0  13801   2895  31935     31      0 
    0    412     64      -     95     78      0      0      0      0  13801   2895  31935     31      0 
    0    411     64      -     94     77      0      0      0      0  13801   2895  31933     31      0 
    0    412     64      -     95     78      0      0      0      0  13801   2895  31933     31      0 
# gpu    pwr  gtemp  mtemp     sm    mem    enc    dec    jpg    ofa   mclk   pclk     fb   bar1   ccpm 
# Idx      W      C      C      %      %      %      %      %      %    MHz    MHz     MB     MB     MB 
    0    412     64      -     94     77      0      0      0      0  13801   2895  31933     31      0 
    0    411     64      -     93     76      0      0      0      0  13801   2895  31933     31      0 
    0    412     64      -     94     77      0      0      0      0  13801   2895  31933     31      0 
    0    412     64      -     93     76      0      0      0      0  13801   2895  31932     31      0 
    0    412     63      -     95     78      0      0      0      0  13801   2895  31932     31      0 
    0    411     63      -     95     78      0      0      0      0  13801   2895  31932     31      0 
    0    411     63      -     94     77      0      0      0      0  13801   2895  31932     31      0 
    0    413     63      -     93     76      0      0      0      0  13801   2895  31932     31      0 
    0    411     63      -     95     78      0      0      0      0  13801   2895  31932     31      0 
    0    519     70      -    100     49      0      0      0      0  13801   2775  31932     31      0 
    0    599     71      -    100     48      0      0      0      0  13801   2790  31932     31      0 
    0    599     72      -    100     44      0      0      0      0  13801   2782  31932     31      0 
    0    599     72      -    100     42      0      0      0      0  13801   2820  31932     31      0 
    0    600     71      -    100     38      0      0      0      0  13801   2805  31932     31      0 
    0    597     72      -     97     37      0      0      0      0  13801   2835  31932     31      0 
    0    600     72      -    100     37      0      0      0      0  13801   2835  31932     31      0 
    0    599     72      -    100     36      0      0      0      0  13801   2820  31932     31      0 
    0    600     72      -    100     35      0      0      0      0  13801   2835  31932     31      0 
    0    600     72      -    100     37      0      0      0      0  13801   2812  31932     31      0 
    0    596     72      -     96     31      0      0      0      0  13801   2827  31932     31      0 
    0    597     73      -    100     33      0      0      0      0  13801   2820  31932     31      0 
    0    601     73      -    100     31      0      0      0      0  13801   2827  31932     31      0 
    0    599     72      -    100     34      0      0      0      0  13801   2835  31932     31      0 
    0    599     73      -    100     32      0      0      0      0  13801   2827  31932     31      0 
    0    599     72      -    100     35      0      0      0      0  13801   2857  31932     31      0 
    0    597     73      -    100     26      0      0      0      0  13801   2857  31932     31      0 
    0    598     72      -    100     35      0      0      0      0  13801   2850  31932     31      0 
    0    594     73      -    100     32      0      0      0      0  13801   2842  31932     31      0 
    0    593     73      -     97     20      0      0      0      0  13801   2835  31935     31      0 
    0    592     73      -    100     32      0      0      0      0  13801   2865  31935     31      0 
    0    592     73      -    100     33      0      0      0      0  13801   2835  31935     31      0 
    0    450     69      -     71     26      0      0      0      0  13801   2895  31935     31      0 
    0    589     73      -    100     47      0      0      0      0  13801   2820  31935     31      0 
    0    600     73      -    100     45      0      0      0      0  13801   2797  31934     31      0 
    0    599     73      -    100     46      0      0      0      0  13801   2812  31934     31      0 
    0    521     73      -    100     46      0      0      0      0  13801   2820  31934     31      0 
    0    600     73      -    100     44      0      0      0      0  13801   2797  31934     31      0 
    0    600     72      -    100     44      0      0      0      0  13801   2797  31934     31      0 
    0    598     73      -     97     40      0      0      0      0  13801   2812  31934     31      0 
    0    599     73      -    100     40      0      0      0      0  13801   2820  31934     31      0 
    0    599     73      -    100     39      0      0      0      0  13801   2820  31934     31      0 
    0    599     73      -     97     35      0      0      0      0  13801   2797  31934     31      0 
    0    599     74      -    100     34      0      0      0      0  13801   2835  31934     31      0 
    0    599     73      -    100     33      0      0      0      0  13801   2812  31934     31      0 
# gpu    pwr  gtemp  mtemp     sm    mem    enc    dec    jpg    ofa   mclk   pclk     fb   bar1   ccpm 
# Idx      W      C      C      %      %      %      %      %      %    MHz    MHz     MB     MB     MB 
    0    599     74      -    100     32      0      0      0      0  13801   2827  31934     31      0 
    0    600     73      -    100     35      0      0      0      0  13801   2820  31934     31      0 
    0    599     73      -    100     31      0      0      0      0  13801   2820  31934     31      0 
    0    599     73      -    100     37      0      0      0      0  13801   2820  31934     31      0 
    0    598     74      -    100     30      0      0      0      0  13801   2827  31934     31      0 
    0    599     74      -    100     32      0      0      0      0  13801   2827  31934     31      0 
    0    501     62      -      1      1      0      0      0      0  13801   2880  31934     31      0 
    0    453     66      -     95     78      0      0      0      0  13801   2895  31934     31      0 
    0    417     65      -     94     77      0      0      0      0  13801   2895  31934     31      0 
    0    411     65      -     95     78      0      0      0      0  13801   2895  31934     31      0 
    0    412     65      -     93     76      0      0      0      0  13801   2895  31934     31      0 
    0    411     65      -     94     76      0      0      0      0  13801   2895  31934     31      0 
    0    411     65      -     94     76      0      0      0      0  13801   2895  31934     31      0 
    0    410     64      -     93     76      0      0      0      0  13801   2895  31934     31      0 
    0    410     64      -     95     78      0      0      0      0  13801   2895  31935     31      0 
    0    411     64      -     94     77      0      0      0      0  13801   2895  31935     31      0 
    0    410     64      -     95     78      0      0      0      0  13801   2895  31935     31      0 
    0    410     64      -     95     77      0      0      0      0  13801   2895  31935     31      0 
    0    410     64      -     95     77      0      0      0      0  13801   2895  31935     31      0 
    0    410     64      -     95     78      0      0      0      0  13801   2895  31934     31      0 
    0    410     64      -     94     77      0      0      0      0  13801   2895  31934     31      0 
    0    410     64      -     94     77      0      0      0      0  13801   2895  31934     31      0 
    0    409     63      -     95     77      0      0      0      0  13801   2895  31934     31      0 
    0    410     63      -     94     77      0      0      0      0  13801   2895  31934     31      0 
    0    409     63      -     93     76      0      0      0      0  13801   2895  31934     31      0 
    0    409     63      -     93     76      0      0      0      0  13801   2895  31934     31      0 
    0    409     63      -     94     77      0      0      0      0  13801   2895  31934     31      0 
    0    409     63      -     95     77      0      0      0      0  13801   2895  31934     31      0 
    0    408     63      -     94     76      0      0      0      0  13801   2895  31934     31      0 
    0    410     63      -     94     77      0      0      0      0  13801   2895  31934     31      0 
    0    410     63      -     93     76      0      0      0      0  13801   2895  31934     31      0 
    0    409     63      -     93     76      0      0      0      0  13801   2895  31934     31      0 
    0    410     63      -     94     77      0      0      0      0  13801   2895  31934     31      0 
    0    409     63      -     94     77      0      0      0      0  13801   2895  31934     31      0 
    0    408     63      -     95     77      0      0      0      0  13801   2895  31934     31      0 
    0    409     63      -     95     77      0      0      0      0  13801   2895  31934     31      0 
    0    407     63      -     93     76      0      0      0      0  13801   2895  31934     31      0 
    0    407     63      -     93     76      0      0      0      0  13801   2895  31934     31      0 
    0    409     62      -     94     77      0      0      0      0  13801   2895  31934     31      0 
    0    407     62      -     94     77      0      0      0      0  13801   2895  31934     31      0 
    0    397     62      -     83     68      0      0      0      0  13801   2895  31934     31      0 
    0    397     62      -     93     76      0      0      0      0  13801   2895  31934     31      0 
    0    405     62      -     91     75      0      0      0      0  13801   2895  31934     31      0 
    0    399     62      -     94     77      0      0      0      0  13801   2910  31934     31      0 
# gpu    pwr  gtemp  mtemp     sm    mem    enc    dec    jpg    ofa   mclk   pclk     fb   bar1   ccpm 
# Idx      W      C      C      %      %      %      %      %      %    MHz    MHz     MB     MB     MB 
    0    406     62      -     93     76      0      0      0      0  13801   2895  31935     31      0 
    0    407     62      -     94     77      0      0      0      0  13801   2895  31935     31      0 
    0    408     62      -     94     77      0      0      0      0  13801   2895  31935     31      0 
    0    407     61      -     93     76      0      0      0      0  13801   2895  31935     31      0 
    0    407     62      -     93     76      0      0      0      0  13801   2895  31935     31      0 
    0    408     62      -     94     77      0      0      0      0  13801   2895  31934     31      0 
    0    403     62      -     94     77      0      0      0      0  13801   2910  31934     31      0 
    0    407     62      -     95     77      0      0      0      0  13801   2910  31934     31      0 
    0    408     62      -     94     77      0      0      0      0  13801   2910  31934     31      0 
    0    408     62      -     93     76      0      0      0      0  13801   2910  31934     31      0 
    0    408     62      -     94     77      0      0      0      0  13801   2910  31934     31      0 
    0    409     62      -     95     77      0      0      0      0  13801   2910  31934     31      0 
    0    408     62      -     94     77      0      0      0      0  13801   2910  31934     31      0 
    0    408     62      -     93     76      0      0      0      0  13801   2910  31934     31      0 
    0    408     62      -     93     76      0      0      0      0  13801   2910  31934     31      0 
    0    408     62      -     95     77      0      0      0      0  13801   2910  31934     31      0 
    0    408     62      -     94     77      0      0      0      0  13801   2910  31934     31      0 
    0    407     61      -     94     77      0      0      0      0  13801   2910  31934     31      0 
    0    407     62      -     93     76      0      0      0      0  13801   2910  31934     31      0 
    0    407     62      -     95     77      0      0      0      0  13801   2910  31934     31      0 
    0    408     62      -     95     78      0      0      0      0  13801   2910  31934     31      0 
    0    408     62      -     94     76      0      0      0      0  13801   2910  31934     31      0 
    0    407     62      -     93     76      0      0      0      0  13801   2910  31934     31      0 
    0    407     61      -     93     76      0      0      0      0  13801   2910  31934     31      0 
    0    407     62      -     93     76      0      0      0      0  13801   2910  31934     31      0 
    0    408     62      -     94     77      0      0      0      0  13801   2910  31934     31      0 
    0    407     61      -     95     77      0      0      0      0  13801   2910  31934     31      0 
    0    407     62      -     94     77      0      0      0      0  13801   2910  31934     31      0 
    0    502     69      -    100     49      0      0      0      0  13801   2805  31934     31      0 
    0    600     70      -    100     49      0      0      0      0  13801   2812  31934     31      0 
    0    599     70      -    100     46      0      0      0      0  13801   2812  31935     31      0 
    0    598     70      -    100     43      0      0      0      0  13801   2812  31935     31      0 
    0    600     71      -    100     42      0      0      0      0  13801   2812  31935     31      0 
    0    598     71      -     97     38      0      0      0      0  13801   2827  31935     31      0 
    0    598     71      -    100     38      0      0      0      0  13801   2842  31935     31      0 
    0    599     71      -    100     36      0      0      0      0  13801   2835  31935     31      0 
    0    599     71      -    100     35      0      0      0      0  13801   2827  31935     31      0 
    0    601     71      -    100     37      0      0      0      0  13801   2850  31935     31      0 
    0    597     72      -     97     36      0      0      0      0  13801   2850  31935     31      0 
    0    597     72      -    100     30      0      0      0      0  13801   2842  31935     31      0 
    0    599     72      -    100     27      0      0      0      0  13801   2835  31935     31      0 
    0    605     72      -    100     48      0      0      0      0  13801   2835  31935     31      0 
    0    603     71      -    100     46      0      0      0      0  13801   2797  31935     31      0 
    0    599     71      -    100     41      0      0      0      0  13801   2805  31935     31      0 
# gpu    pwr  gtemp  mtemp     sm    mem    enc    dec    jpg    ofa   mclk   pclk     fb   bar1   ccpm 
# Idx      W      C      C      %      %      %      %      %      %    MHz    MHz     MB     MB     MB 
    0    599     71      -    100     42      0      0      0      0  13801   2812  31935     31      0 
    0    495     60      -      2      1      0      0      0      0  13801   2895  31935     31      0 
    0    527     72      -    100     46      0      0      0      0  13801   2790  31935     31      0 
    0    599     72      -    100     44      0      0      0      0  13801   2797  31935     31      0 
    0    600     72      -    100     43      0      0      0      0  13801   2790  31935     31      0 
    0    600     72      -    100     42      0      0      0      0  13801   2812  31935     31      0 
    0    598     72      -    100     39      0      0      0      0  13801   2827  31935     31      0 
    0    600     73      -    100     37      0      0      0      0  13801   2827  31935     31      0 
    0    599     72      -    100     36      0      0      0      0  13801   2827  31935     31      0 
    0    599     72      -    100     34      0      0      0      0  13801   2820  31935     31      0 
    0    598     72      -     96     33      0      0      0      0  13801   2842  31935     31      0 
    0    599     73      -    100     30      0      0      0      0  13801   2850  31935     31      0 
    0    599     72      -    100     37      0      0      0      0  13801   2827  31935     31      0 
    0    598     72      -    100     32      0      0      0      0  13801   2827  31935     31      0 
    0    599     73      -    100     30      0      0      0      0  13801   2835  31935     31      0 
    0    599     73      -    100     27      0      0      0      0  13801   2842  31936     31      0 
    0    442     61      -     26      6      0      0      0      0  13801   2917  31936     31      0 
    0    493     65      -     94     77      0      0      0      0  13801   2895  31935     31      0 
    0    419     65      -     93     76      0      0      0      0  13801   2895  31935     31      0 
    0    495     72      -    100     48      0      0      0      0  13801   2797  31935     31      0 
    0    600     73      -    100     47      0      0      0      0  13801   2790  31935     31      0 
    0    600     73      -    100     41      0      0      0      0  13801   2790  31935     31      0 
    0    600     72      -    100     42      0      0      0      0  13801   2805  31935     31      0 
    0    599     73      -    100     41      0      0      0      0  13801   2790  31935     31      0 
    0    598     73      -    100     38      0      0      0      0  13801   2805  31935     31      0 
    0    600     73      -    100     37      0      0      0      0  13801   2805  31935     31      0 
    0    600     72      -    100     36      0      0      0      0  13801   2812  31935     31      0 
    0    600     73      -    100     34      0      0      0      0  13801   2827  31935     31      0 
    0    597     73      -     97     31      0      0      0      0  13801   2835  31935     31      0 
    0    599     73      -    100     31      0      0      0      0  13801   2842  31935     31      0 
    0    600     73      -    100     33      0      0      0      0  13801   2835  31935     31      0 
    0    598     74      -    100     28      0      0      0      0  13801   2827  31935     31      0 
    0    600     73      -    100     37      0      0      0      0  13801   2850  31935     31      0 
    0    594     74      -    100     29      0      0      0      0  13801   2850  31935     31      0 
    0    442     73      -    100     28      0      0      0      0  13801   2857  31935     31      0 
    0    426     66      -     95     78      0      0      0      0  13801   2895  31935     31      0 
    0    425     65      -     95     78      0      0      0      0  13801   2895  31935     31      0 
    0    467     72      -    100     50      0      0      0      0  13801   2850  31935     31      0 
    0    604     73      -    100     48      0      0      0      0  13801   2782  31935     31      0 
    0    599     73      -    100     43      0      0      0      0  13801   2790  31935     31      0 
    0    599     73      -    100     45      0      0      0      0  13801   2782  31935     31      0 
    0    597     73      -     97     40      0      0      0      0  13801   2790  31935     31      0 
    0    600     73      -    100     39      0      0      0      0  13801   2805  31935     31      0 
    0    599     74      -    100     37      0      0      0      0  13801   2805  31935     31      0 
# gpu    pwr  gtemp  mtemp     sm    mem    enc    dec    jpg    ofa   mclk   pclk     fb   bar1   ccpm 
# Idx      W      C      C      %      %      %      %      %      %    MHz    MHz     MB     MB     MB 
    0    600     73      -    100     37      0      0      0      0  13801   2805  31935     31      0 
    0    599     73      -    100     35      0      0      0      0  13801   2812  31935     31      0 
    0    598     73      -     97     38      0      0      0      0  13801   2820  31935     31      0 
    0    598     74      -    100     30      0      0      0      0  13801   2827  31935     31      0 
    0    601     73      -    100     36      0      0      0      0  13801   2827  31935     31      0 
    0    599     73      -    100     32      0      0      0      0  13801   2827  31935     31      0 
    0    599     74      -    100     29      0      0      0      0  13801   2850  31935     31      0 
    0    600     74      -    100     25      0      0      0      0  13801   2850  31935     31      0 
    0    599     74      -    100     29      0      0      0      0  13801   2842  31934     31      0 
    0    598     74      -    100     26      0      0      0      0  13801   2850  31934     31      0 
    0    597     73      -    100     30      0      0      0      0  13801   2835  31934     31      0 
    0    501     62      -      1      1      0      0      0      0  13801   2887  31934     31      0 
    0    456     66      -     95     78      0      0      0      0  13801   2895  31934     31      0 
    0    428     66      -     94     78      0      0      0      0  13801   2895  31934     31      0 
    0    427     66      -     93     77      0      0      0      0  13801   2895  31934     31      0 
    0    424     65      -     94     78      0      0      0      0  13801   2895  31934     31      0 
    0    428     65      -     95     78      0      0      0      0  13801   2895  31934     31      0 
    0    428     65      -     95     78      0      0      0      0  13801   2895  31934     31      0 
    0    428     65      -     93     77      0      0      0      0  13801   2895  31934     31      0 
    0    427     65      -     94     78      0      0      0      0  13801   2895  31934     31      0 
    0    427     65      -     94     78      0      0      0      0  13801   2895  31934     31      0 
    0    428     65      -     94     77      0      0      0      0  13801   2895  31934     31      0 
    0    427     65      -     94     78      0      0      0      0  13801   2895  31934     31      0 
    0    427     64      -     94     78      0      0      0      0  13801   2895  31934     31      0 
    0    426     64      -     94     78      0      0      0      0  13801   2895  31934     31      0 
    0    427     64      -     94     78      0      0      0      0  13801   2895  31934     31      0 
    0    427     64      -     95     78      0      0      0      0  13801   2895  31934     31      0 
    0    427     64      -     94     77      0      0      0      0  13801   2895  31934     31      0 
    0    427     64      -     94     78      0      0      0      0  13801   2895  31934     31      0 
    0    427     64      -     94     78      0      0      0      0  13801   2895  31934     31      0 
    0    427     64      -     93     77      0      0      0      0  13801   2895  31934     31      0 
    0    426     64      -     93     77      0      0      0      0  13801   2895  31934     31      0 
    0    448     71      -    100     51      0      0      0      0  13801   2880  31934     31      0 
    0    607     71      -    100     48      0      0      0      0  13801   2812  31935     31      0 
    0    601     71      -    100     44      0      0      0      0  13801   2805  31935     31      0 
    0    598     71      -    100     40      0      0      0      0  13801   2805  31935     31      0 
    0    599     72      -    100     40      0      0      0      0  13801   2812  31935     31      0 
    0    453     59      -      2      1      0      0      0      0  13801   2917  31935     31      0 
    0    399     64      -     94     76      0      0      0      0  13801   2895  31935     31      0 
    0    417     64      -     94     77      0      0      0      0  13801   2895  31935     31      0 
    0    419     64      -     93     76      0      0      0      0  13801   2895  31935     31      0 
    0    547     72      -    100     46      0      0      0      0  13801   2805  31936     31      0 
    0    602     71      -    100     47      0      0      0      0  13801   2797  31936     31      0 
    0    598     72      -    100     43      0      0      0      0  13801   2797  31935     31      0 
# gpu    pwr  gtemp  mtemp     sm    mem    enc    dec    jpg    ofa   mclk   pclk     fb   bar1   ccpm 
# Idx      W      C      C      %      %      %      %      %      %    MHz    MHz     MB     MB     MB 
    0    601     72      -    100     40      0      0      0      0  13801   2820  31935     31      0 
    0    599     72      -    100     40      0      0      0      0  13801   2797  31935     31      0 
    0    598     72      -    100     37      0      0      0      0  13801   2827  31935     31      0 
    0    599     72      -    100     36      0      0      0      0  13801   2812  31935     31      0 
    0    599     73      -    100     34      0      0      0      0  13801   2812  31935     31      0 
    0    600     72      -    100     37      0      0      0      0  13801   2812  31935     31      0 
    0    600     72      -    100     37      0      0      0      0  13801   2835  31935     31      0 
    0    598     73      -    100     29      0      0      0      0  13801   2820  31935     31      0 
    0    600     73      -     97     27      0      0      0      0  13801   2850  31935     31      0 
    0    598     68      -     97     30      0      0      0      0  13801   2850  31935     31      0 
    0    597     73      -     97     24      0      0      0      0  13801   2850  31935     31      0 
    0    594     71      -     96     28      0      0      0      0  13801   2835  31935     31      0 
    0    430     72      -    100     29      0      0      0      0  13801   2887  31935     31      0 
    0    478     65      -     94     78      0      0      0      0  13801   2895  31935     31      0 
    0    426     65      -     95     78      0      0      0      0  13801   2895  31935     31      0 
    0    425     65      -     95     78      0      0      0      0  13801   2895  31935     31      0 
    0    416     64      -     94     77      0      0      0      0  13801   2895  31935     31      0 
    0    405     64      -     95     77      0      0      0      0  13801   2895  31935     31      0 
    0    406     64      -     93     75      0      0      0      0  13801   2895  31935     31      0 
    0    406     64      -     95     77      0      0      0      0  13801   2895  31935     31      0 
    0    408     64      -     94     76      0      0      0      0  13801   2895  31935     31      0 
    0    407     64      -     94     77      0      0      0      0  13801   2895  31935     31      0 
    0    407     64      -     93     76      0      0      0      0  13801   2895  31935     31      0 
    0    407     64      -     95     77      0      0      0      0  13801   2895  31935     31      0 
    0    407     63      -     93     74      0      0      0      0  13801   2895  31936     31      0 
    0    406     63      -     95     77      0      0      0      0  13801   2895  31935     31      0 
    0    406     63      -     93     76      0      0      0      0  13801   2895  31935     31      0 
    0    407     63      -     95     77      0      0      0      0  13801   2895  31935     31      0 
    0    406     63      -     94     76      0      0      0      0  13801   2895  31935     31      0 
    0    408     63      -     94     76      0      0      0      0  13801   2895  31935     31      0 
    0    406     63      -     94     76      0      0      0      0  13801   2895  31935     31      0 
    0    406     63      -     95     77      0      0      0      0  13801   2895  31935     31      0 
    0    407     63      -     94     76      0      0      0      0  13801   2895  31935     31      0 
    0    407     63      -     95     77      0      0      0      0  13801   2895  31935     31      0 
    0    408     63      -     93     76      0      0      0      0  13801   2895  31935     31      0 
    0    407     63      -     95     77      0      0      0      0  13801   2895  31935     31      0 
    0    407     63      -     94     76      0      0      0      0  13801   2895  31935     31      0 
    0    407     63      -     95     77      0      0      0      0  13801   2895  31935     31      0 
    0    598     70      -    100     47      0      0      0      0  13801   2797  31935     31      0 
    0    598     71      -     97     45      0      0      0      0  13801   2797  31935     31      0 
    0    599     71      -    100     41      0      0      0      0  13801   2812  31935     31      0 
    0    597     71      -     97     41      0      0      0      0  13801   2820  31935     31      0 
    0    600     72      -    100     40      0      0      0      0  13801   2827  31935     31      0 
    0    599     72      -    100     39      0      0      0      0  13801   2827  31935     31      0 
# gpu    pwr  gtemp  mtemp     sm    mem    enc    dec    jpg    ofa   mclk   pclk     fb   bar1   ccpm 
# Idx      W      C      C      %      %      %      %      %      %    MHz    MHz     MB     MB     MB 
    0    600     72      -    100     38      0      0      0      0  13801   2827  31935     31      0 
    0    599     71      -    100     37      0      0      0      0  13801   2835  31935     31      0 
    0    599     72      -    100     33      0      0      0      0  13801   2842  31935     31      0 
    0    600     71      -    100     37      0      0      0      0  13801   2842  31935     31      0 
    0    599     72      -    100     33      0      0      0      0  13801   2842  31935     31      0 
    0    600     71      -    100     37      0      0      0      0  13801   2850  31935     31      0 
    0    599     72      -    100     34      0      0      0      0  13801   2827  31935     31      0 
    0    599     73      -    100     31      0      0      0      0  13801   2857  31935     31      0 
    0    601     73      -    100     28      0      0      0      0  13801   2857  31935     31      0 
    0    599     72      -    100     36      0      0      0      0  13801   2857  31935     31      0 
    0    597     73      -    100     24      0      0      0      0  13801   2857  31935     31      0 
    0    597     73      -    100     20      0      0      0      0  13801   2857  31935     31      0 
    0    597     73      -    100     27      0      0      0      0  13801   2857  31935     31      0 
    0    596     73      -    100     28      0      0      0      0  13801   2865  31935     31      0 
    0    454     66      -     52     22      0      0      0      0  13801   2902  32055     31      0 
    0    606     73      -    100     47      0      0      0      0  13801   2805  32055     31      0 
    0    602     73      -    100     43      0      0      0      0  13801   2775  32055     31      0 
    0    599     73      -    100     39      0      0      0      0  13801   2782  32055     31      0 
    0    600     73      -    100     38      0      0      0      0  13801   2790  32055     31      0 
    0    599     73      -    100     39      0      0      0      0  13801   2790  32055     31      0 
    0    597     73      -    100     37      0      0      0      0  13801   2812  32055     31      0 
    0    453     72      -     96     51      0      0      0      0  13801   2842  32055     31      0 
    0    464     72      -    100     50      0      0      0      0  13801   2850  32055     31      0 
    0    602     73      -    100     46      0      0      0      0  13801   2775  32055     31      0 
    0    599     73      -    100     43      0      0      0      0  13801   2797  32055     31      0 
    0    599     73      -    100     40      0      0      0      0  13801   2812  32055     31      0 
    0    599     73      -    100     41      0      0      0      0  13801   2805  32055     31      0 
    0    597     72      -     96     37      0      0      0      0  13801   2820  32055     31      0 
    0    598     74      -    100     37      0      0      0      0  13801   2835  32055     31      0 
    0    600     73      -    100     36      0      0      0      0  13801   2827  32055     31      0 
    0    600     74      -    100     35      0      0      0      0  13801   2835  32055     31      0 
    0    600     73      -    100     37      0      0      0      0  13801   2820  32055     31      0 
    0    597     73      -     97     36      0      0      0      0  13801   2812  32055     31      0 
    0    598     74      -    100     32      0      0      0      0  13801   2827  32055     31      0 
    0    599     74      -    100     29      0      0      0      0  13801   2842  32053     31      0 
    0    599     73      -    100     33      0      0      0      0  13801   2835  32053     31      0 
    0    599     73      -    100     37      0      0      0      0  13801   2835  32053     31      0 
    0    599     73      -    100     30      0      0      0      0  13801   2827  32053     31      0 
    0    517     62      -      1      1      0      0      0      0  13801   2880  32055     31      0 
    0    451     66      -     94     77      0      0      0      0  13801   2895  32054     31      0 
    0    424     66      -     94     78      0      0      0      0  13801   2895  32054     31      0 
    0    419     65      -     93     76      0      0      0      0  13801   2895  32054     31      0 
    0    411     65      -     94     76      0      0      0      0  13801   2895  32054     31      0 
    0    410     65      -     94     76      0      0      0      0  13801   2895  32054     31      0 
# gpu    pwr  gtemp  mtemp     sm    mem    enc    dec    jpg    ofa   mclk   pclk     fb   bar1   ccpm 
# Idx      W      C      C      %      %      %      %      %      %    MHz    MHz     MB     MB     MB 
    0    412     64      -     93     76      0      0      0      0  13801   2895  32054     31      0 
    0    508     72      -    100     49      0      0      0      0  13801   2760  32054     31      0 
    0    599     72      -    100     47      0      0      0      0  13801   2790  32054     31      0 
    0    599     73      -    100     45      0      0      0      0  13801   2805  32054     31      0 
    0    600     73      -    100     43      0      0      0      0  13801   2805  32054     31      0 
    0    598     73      -    100     40      0      0      0      0  13801   2812  32054     31      0 
    0    600     73      -    100     38      0      0      0      0  13801   2820  32054     31      0 
    0    599     73      -    100     37      0      0      0      0  13801   2797  32054     31      0 
    0    600     73      -    100     36      0      0      0      0  13801   2820  32054     31      0 
    0    598     73      -    100     33      0      0      0      0  13801   2827  32054     31      0 
    0    599     73      -    100     36      0      0      0      0  13801   2812  32054     31      0 
    0    599     73      -    100     31      0      0      0      0  13801   2820  32054     31      0 
    0    599     74      -    100     29      0      0      0      0  13801   2820  32054     31      0 
    0    598     73      -     97     37      0      0      0      0  13801   2820  32054     31      0 
    0    599     70      -     97     31      0      0      0      0  13801   2827  32054     31      0 
    0    599     74      -     97     34      0      0      0      0  13801   2850  32054     31      0 
    0    599     73      -     97     27      0      0      0      0  13801   2850  32054     31      0 
    0    602     74      -    100     36      0      0      0      0  13801   2857  32054     31      0 
    0    599     74      -    100     37      0      0      0      0  13801   2850  32054     31      0 
    0    596     74      -    100     23      0      0      0      0  13801   2835  32054     31      0 
    0    442     73      -    100     49      0      0      0      0  13801   2835  32057     31      0 
    0    603     73      -    100     47      0      0      0      0  13801   2782  32057     31      0 
    0    599     73      -    100     45      0      0      0      0  13801   2782  32057     31      0 
    0    600     73      -    100     42      0      0      0      0  13801   2797  32057     31      0 
    0    598     73      -    100     41      0      0      0      0  13801   2790  32057     31      0 
    0    600     74      -    100     40      0      0      0      0  13801   2790  32056     31      0 
    0    599     74      -    100     37      0      0      0      0  13801   2797  32056     31      0 
    0    598     73      -     97     38      0      0      0      0  13801   2805  32056     31      0 
    0    600     73      -    100     37      0      0      0      0  13801   2812  32056     31      0 
    0    599     74      -    100     33      0      0      0      0  13801   2812  32056     31      0 
    0    599     74      -    100     31      0      0      0      0  13801   2820  32056     31      0 
    0    599     73      -    100     33      0      0      0      0  13801   2812  32056     31      0 
    0    600     74      -    100     29      0      0      0      0  13801   2820  32056     31      0 
    0    600     74      -    100     37      0      0      0      0  13801   2827  32056     31      0 
    0    599     74      -    100     26      0      0      0      0  13801   2850  32056     31      0 
    0    599     74      -    100     25      0      0      0      0  13801   2850  32056     31      0 
    0    462     66      -     95     78      0      0      0      0  13801   2895  32056     31      0 
    0    430     66      -     93     77      0      0      0      0  13801   2895  32056     31      0 
    0    429     66      -     94     78      0      0      0      0  13801   2895  32056     31      0 
    0    547     72      -    100     49      0      0      0      0  13801   2775  32056     31      0 
    0    599     73      -    100     46      0      0      0      0  13801   2797  32056     31      0 
    0    601     73      -    100     41      0      0      0      0  13801   2782  32056     31      0 
    0    597     73      -     97     40      0      0      0      0  13801   2782  32056     31      0 
    0    601     74      -    100     40      0      0      0      0  13801   2797  32056     31      0 
# gpu    pwr  gtemp  mtemp     sm    mem    enc    dec    jpg    ofa   mclk   pclk     fb   bar1   ccpm 
# Idx      W      C      C      %      %      %      %      %      %    MHz    MHz     MB     MB     MB 
    0    599     74      -    100     39      0      0      0      0  13801   2797  32056     31      0 
    0    599     74      -    100     37      0      0      0      0  13801   2797  32056     31      0 
    0    550     63      -      0      0      0      0      0      0  13801   2857  32056     31      0 
    0    314     66      -     94     78      0      0      0      0  13801   2895  32056     31      0 
    0    424     66      -     93     77      0      0      0      0  13801   2895  32056     31      0 
    0    424     66      -     94     78      0      0      0      0  13801   2895  32056     31      0 
    0    422     65      -     94     76      0      0      0      0  13801   2895  32058     31      0 
    0    410     65      -     95     77      0      0      0      0  13801   2895  32057     31      0 
    0    411     65      -     94     77      0      0      0      0  13801   2895  32057     31      0 
    0    410     65      -     93     76      0      0      0      0  13801   2895  32057     31      0 
    0    410     65      -     93     76      0      0      0      0  13801   2895  32057     31      0 
    0    411     64      -     94     76      0      0      0      0  13801   2895  32056     31      0 
    0    410     64      -     94     77      0      0      0      0  13801   2895  32056     31      0 
    0    410     64      -     94     77      0      0      0      0  13801   2895  32056     31      0 
    0    410     64      -     95     77      0      0      0      0  13801   2895  32056     31      0 
    0    410     64      -     94     77      0      0      0      0  13801   2895  32056     31      0 
    0    411     64      -     94     76      0      0      0      0  13801   2895  32056     31      0 
    0    410     64      -     93     76      0      0      0      0  13801   2895  32056     31      0 
    0    410     64      -     95     77      0      0      0      0  13801   2895  32056     31      0 
    0    409     64      -     95     77      0      0      0      0  13801   2895  32056     31      0 
    0    408     64      -     94     77      0      0      0      0  13801   2895  32056     31      0 
    0    409     64      -     93     76      0      0      0      0  13801   2895  32056     31      0 
    0    409     63      -     94     77      0      0      0      0  13801   2895  32056     31      0 
    0    410     64      -     93     76      0      0      0      0  13801   2895  32056     31      0 
    0    409     64      -     94     76      0      0      0      0  13801   2895  32056     31      0 
    0    409     63      -     95     77      0      0      0      0  13801   2895  32056     31      0 
    0    408     63      -     93     76      0      0      0      0  13801   2895  32056     31      0 
    0    409     63      -     94     77      0      0      0      0  13801   2895  32056     31      0 
    0    409     63      -     94     77      0      0      0      0  13801   2895  32056     31      0 
    0    408     63      -     94     76      0      0      0      0  13801   2895  32056     31      0 
    0    408     63      -     94     76      0      0      0      0  13801   2895  32056     31      0 
    0    408     63      -     93     76      0      0      0      0  13801   2895  32056     31      0 
    0    408     63      -     94     77      0      0      0      0  13801   2895  32030     31      0 
    0    402     63      -     90     74      0      0      0      0  13801   2895  32030     31      0 
    0    396     63      -     91     74      0      0      0      0  13801   2895  32029     31      0 
    0    400     63      -     89     73      0      0      0      0  13801   2895  32029     31      0 
    0    311     57      -      0      0      0      0      0      0  13801   2925  32032     31      0 
    0    100     56      -      0      0      0      0      0      0  13801   2925  32031     31      0 
    0     84     54      -      0      0      0      0      0      0  13801   2542  32031     31      0 
    0     70     53      -      0      0      0      0      0      0  13801   2542  32031     31      0 
    0     69     53      -      0      0      0      0      0      0  13801   2542  32031     31      0 
    0     69     52      -      0      0      0      0      0      0  13801   2542  32030     31      0 
    0     68     52      -      0      0      0      0      0      0  13801   2542  32030     31      0 
    0     68     52      -      0      0      0      0      0      0  13801   2542  32030     31      0 
# gpu    pwr  gtemp  mtemp     sm    mem    enc    dec    jpg    ofa   mclk   pclk     fb   bar1   ccpm 
# Idx      W      C      C      %      %      %      %      %      %    MHz    MHz     MB     MB     MB 
    0     67     52      -      0      0      0      0      0      0  13801   2542  32030     31      0 
    0     67     51      -      0      0      0      0      0      0  13801   2542  32030     31      0 
    0     67     51      -      0      0      0      0      0      0  13801   2542  32030     31      0 
    0     67     51      -      0      0      0      0      0      0  13801   2542  32030     31      0 
    0     67     51      -      0      0      0      0      0      0  13801   2542  32030     31      0 
    0     66     50      -      0      0      0      0      0      0  13801   2542  32030     31      0 
    0     66     50      -      0      0      0      0      0      0  13801   2542  32030     31      0 
    0     66     50      -      0      0      0      0      0      0  13801   2542  32030     31      0 
    0     66     50      -      0      0      0      0      0      0  13801   2542  32030     31      0 
    0     32     48      -      0      2      0      0      0      0    810    390  32030     31      0 
    0     23     48      -      0      2      0      0      0      0    810    390  32030     31      0 
    0     20     48      -      0      2      0      0      0      0    810    217  32030     31      0 
    0     19     48      -      0      3      0      0      0      0    405    202  32030     31      0 
    0     19     47      -      0      2      0      0      0      0    405    195  32030     31      0 
    0     19     47      -      0      2      0      0      0      0    405    195  32030     31      0 
    0     19     47      -      0      3      0      0      0      0    405    195  32030     31      0 
    0     19     47      -      0      2      0      0      0      0    405    195  32030     31      0 
    0     19     47      -      0      2      0      0      0      0    405    195  32030     31      0 
    0     19     47      -      0      2      0      0      0      0    405    195  32031     31      0 
    0     19     47      -      0      3      0      0      0      0    405    195  32031     31      0 
    0     19     47      -      0      3      0      0      0      0    405    195  32031     31      0 
    0     19     46      -      0      3      0      0      0      0    405    195  32031     31      0 
    0     20     46      -      0      3      0      0      0      0    405    195  32032     31      0 
    0     19     46      -      0      3      0      0      0      0    405    195  32031     31      0 
    0     19     46      -      0      3      0      0      0      0    405    195  32031     31      0 
    0     19     46      -      0      3      0      0      0      0    405    195  32031     31      0 
    0     19     46      -      0      3      0      0      0      0    405    195  32031     31      0 
    0     19     46      -      0      3      0      0      0      0    405    195  32031     31      0 
    0     19     46      -      0      3      0      0      0      0    405    195  32031     31      0 
    0     19     46      -      0      3      0      0      0      0    405    195  32031     31      0 
    0     19     46      -      0      3      0      0      0      0    405    195  32031     31      0 
    0     19     46      -      0      3      0      0      0      0    405    195  32031     31      0 
    0     19     46      -      0      3      0      0      0      0    405    195  32031     31      0 
    0     19     46      -      0      3      0      0      0      0    405    195  32031     31      0 
    0     18     46      -      0      3      0      0      0      0    405    195  32031     31      0 
    0     18     46      -      0      3      0      0      0      0    405    195  32031     31      0 
    0     18     46      -      0      3      0      0      0      0    405    195  32031     31      0 
    0     18     46      -      0      3      0      0      0      0    405    195  32031     31      0 
    0     18     46      -      0      3      0      0      0      0    405    195  32031     31      0 
    0     18     45      -      0      3      0      0      0      0    405    195  32031     31      0 
    0     18     45      -      0      3      0      0      0      0    405    195  32031     31      0 
    0     18     45      -      0      3      0      0      0      0    405    187  32031     31      0 
    0     19     45      -      0      3      0      0      0      0    405    195  32031     31      0 
    0     18     45      -      0      3      0      0      0      0    405    195  32031     31      0 
# gpu    pwr  gtemp  mtemp     sm    mem    enc    dec    jpg    ofa   mclk   pclk     fb   bar1   ccpm 
# Idx      W      C      C      %      %      %      %      %      %    MHz    MHz     MB     MB     MB 
    0     18     45      -      0      3      0      0      0      0    405    195  32031     31      0 
    0     18     45      -      0      3      0      0      0      0    405    195  32031     31      0 
    0     18     45      -      0      3      0      0      0      0    405    195  32031     31      0 
    0     18     45      -      0      3      0      0      0      0    405    195  32031     31      0 
    0     18     45      -      0      3      0      0      0      0    405    195  32031     31      0 
    0     18     45      -      0      3      0      0      0      0    405    195  32031     31      0 
    0     18     45      -      0      3      0      0      0      0    405    195  32031     31      0 
    0     18     45      -      0      3      0      0      0      0    405    195  32032     31      0 
    0     19     45      -      0      3      0      0      0      0    405    195  32031     31      0 
    0     18     45      -      0      3      0      0      0      0    405    195  32031     31      0 
    0     18     45      -      0      3      0      0      0      0    405    195  32031     31      0 
    0     18     45      -      0      3      0      0      0      0    405    210  32031     31      0 
    0     18     45      -      0      3      0      0      0      0    405    195  32032     31      0 
    0     19     45      -      0      3      0      0      0      0    405    195  32031     31      0 
    0     18     45      -      0      3      0      0      0      0    405    195  32031     31      0 
    0     18     44      -      0      3      0      0      0      0    405    195  32031     31      0 
    0     18     45      -      0      3      0      0      0      0    405    195  32031     31      0 
    0     19     44      -      0      3      0      0      0      0    405    187  32031     31      0 
    0     19     44      -      0      3      0      0      0      0    405    195  32031     31      0 
    0     19     44      -      0      3      0      0      0      0    405    195  32031     31      0 
    0     18     44      -      0      3      0      0      0      0    405    195  32031     31      0 
    0     19     44      -      0      3      0      0      0      0    405    195  32032     31      0 
    0     18     44      -      0      3      0      0      0      0    405    195  32031     31      0 
    0     18     44      -      0      3      0      0      0      0    405    195  32031     31      0 
    0     18     44      -      0      3      0      0      0      0    405    195  32031     31      0 
    0     18     44      -      0      3      0      0      0      0    405    195  32031     31      0 
    0     18     44      -      0      3      0      0      0      0    405    195  32031     31      0 
    0     18     44      -      0      3      0      0      0      0    405    195  32031     31      0 
    0     18     44      -      0      3      0      0      0      0    405    195  32031     31      0 
    0     18     44      -      0      2      0      0      0      0    405    195  32031     31      0 
    0     18     44      -      0      3      0      0      0      0    405    195  32031     31      0 
    0     19     44      -      0      3      0      0      0      0    405    195  32031     31      0 
    0     18     44      -      0      3      0      0      0      0    405    210  32031     31      0 
    0     18     44      -      0      3      0      0      0      0    405    195  32031     31      0 
    0     18     44      -      0      3      0      0      0      0    405    195  32031     31      0 
    0     18     44      -      0      3      0      0      0      0    405    195  32031     31      0 
    0     18     44      -      0      3      0      0      0      0    405    195  32031     31      0 
    0     19     43      -      0      3      0      0      0      0    405    315  32032     31      0 
    0     18     43      -      0      3      0      0      0      0    405    195  32031     31      0 
    0     18     43      -      0      3      0      0      0      0    405    195  32031     31      0 
    0     18     43      -      0      3      0      0      0      0    405    195  32031     31      0 
    0     18     43      -      0      3      0      0      0      0    405    195  32031     31      0 
    0     18     43      -      0      3      0      0      0      0    405    195  32031     31      0 
    0     18     43      -      0      3      0      0      0      0    405    195  32031     31      0 
# gpu    pwr  gtemp  mtemp     sm    mem    enc    dec    jpg    ofa   mclk   pclk     fb   bar1   ccpm 
# Idx      W      C      C      %      %      %      %      %      %    MHz    MHz     MB     MB     MB 
    0     18     43      -      0      3      0      0      0      0    405    195  32031     31      0 
    0     18     43      -      0      3      0      0      0      0    405    195  32031     31      0 
    0     18     43      -      0      3      0      0      0      0    405    195  32031     31      0 
    0     18     43      -      0      3      0      0      0      0    405    195  32031     31      0 
    0     18     43      -      0      3      0      0      0      0    405    195  32031     31      0 
    0     18     43      -      0      3      0      0      0      0    405    195  32031     31      0 
    0     18     43      -      0      3      0      0      0      0    405    195  32031     31      0 
    0     18     43      -      0      3      0      0      0      0    405    195  32031     31      0 
    0     18     43      -      0      3      0      0      0      0    405    195  32031     31      0 
    0     18     43      -      0      3      0      0      0      0    405    195  32031     31      0 
    0     18     43      -      0      3      0      0      0      0    405    195  32031     31      0 
    0     18     43      -      0      3      0      0      0      0    405    187  32031     31      0 
    0     18     43      -      0      3      0      0      0      0    405    195  32031     31      0 
    0     18     43      -      0      3      0      0      0      0    405    195  32031     31      0 
    0     18     43      -      0      3      0      0      0      0    405    195  32031     31      0 
    0     18     43      -      0      3      0      0      0      0    405    195  32031     31      0 
    0     18     42      -      0      3      0      0      0      0    405    195  32031     31      0 
    0     18     42      -      0      3      0      0      0      0    405    195  32031     31      0 
    0     18     42      -      0      3      0      0      0      0    405    195  32031     31      0 
    0     17     42      -      0      3      0      0      0      0    405    195  32031     31      0 
    0     18     42      -      0      3      0      0      0      0    405    307  32031     31      0 
    0     18     42      -      0      3      0      0      0      0    405    195  32031     31      0 
    0     18     42      -      0      3      0      0      0      0    405    195  32031     31      0 
    0     19     42      -      0      2      0      0      0      0    405    397  32032     31      0 
    0     18     42      -      0      2      0      0      0      0    405    195  32032     31      0 
    0     17     42      -      0      2      0      0      0      0    405    195  32031     31      0 
    0     18     42      -      0      2      0      0      0      0    405    195  32031     31      0 
    0     17     42      -      0      2      0      0      0      0    405    195  32031     31      0 
    0     17     42      -      0      2      0      0      0      0    405    195  32031     31      0 
    0     17     42      -      0      2      0      0      0      0    405    195  32031     31      0 
    0     17     42      -      0      2      0      0      0      0    405    195  32031     31      0 
    0     17     42      -      0      2      0      0      0      0    405    210  32031     31      0 
    0     17     42      -      0      2      0      0      0      0    405    195  32031     31      0 
    0     17     42      -      0      2      0      0      0      0    405    195  32031     31      0 
    0     17     42      -      0      2      0      0      0      0    405    195  32031     31      0 
    0     17     42      -      0      2      0      0      0      0    405    195  32031     31      0 
    0     17     42      -      0      2      0      0      0      0    405    195  32031     31      0 
    0     17     42      -      0      2      0      0      0      0    405    195  32031     31      0 
    0     17     42      -      0      2      0      0      0      0    405    195  32031     31      0 
    0     17     42      -      0      2      0      0      0      0    405    195  32031     31      0 
    0     17     42      -      0      2      0      0      0      0    405    195  32031     31      0 
    0     17     42      -      0      2      0      0      0      0    405    195  32031     31      0 
    0     17     42      -      0      2      0      0      0      0    405    195  32031     31      0 
    0     17     41      -      0      2      0      0      0      0    405    195  32031     31      0 
# gpu    pwr  gtemp  mtemp     sm    mem    enc    dec    jpg    ofa   mclk   pclk     fb   bar1   ccpm 
# Idx      W      C      C      %      %      %      %      %      %    MHz    MHz     MB     MB     MB 
    0     17     41      -      0      2      0      0      0      0    405    195  32031     31      0 
    0     17     41      -      0      3      0      0      0      0    405    195  32031     31      0 
    0     17     41      -      0      3      0      0      0      0    405    195  32031     31      0 
    0     17     41      -      0      3      0      0      0      0    405    195  32031     31      0 
    0     17     41      -      0      3      0      0      0      0    405    195  32031     31      0 
    0     17     41      -      0      3      0      0      0      0    405    195  32031     31      0 
    0     17     41      -      0      3      0      0      0      0    405    195  32031     31      0 
    0     17     41      -      0      3      0      0      0      0    405    195  32031     31      0 
    0     17     41      -      0      3      0      0      0      0    405    210  32031     31      0 
    0     18     41      -      0      2      0      0      0      0    405    195  32032     31      0 
    0     17     41      -      0      2      0      0      0      0    405    187  32031     31      0 
    0     17     41      -      0      2      0      0      0      0    405    195  32031     31      0 
    0     17     41      -      0      2      0      0      0      0    405    195  32031     31      0 
    0     17     41      -      0      2      0      0      0      0    405    195  32031     31      0 
    0     17     41      -      0      3      0      0      0      0    405    195  32032     31      0 
    0     17     41      -      0      3      0      0      0      0    405    195  32032     31      0 
    0     17     41      -      0      3      0      0      0      0    405    195  32031     31      0 
    0     17     41      -      0      3      0      0      0      0    405    195  32031     31      0 
    0     17     41      -      0      3      0      0      0      0    405    195  32031     31      0 
    0     17     41      -      0      3      0      0      0      0    405    195  32031     31      0 
    0     17     41      -      0      3      0      0      0      0    405    195  32031     31      0 
    0     17     41      -      0      3      0      0      0      0    405    195  32031     31      0 
    0     17     41      -      0      3      0      0      0      0    405    195  32031     31      0 
    0     17     41      -      0      3      0      0      0      0    405    195  32031     31      0 
    0     17     41      -      0      3      0      0      0      0    405    195  32031     31      0 
    0     17     41      -      0      3      0      0      0      0    405    195  32031     31      0 
    0     17     41      -      0      3      0      0      0      0    405    195  32031     31      0 
    0     17     41      -      0      3      0      0      0      0    405    195  32031     31      0 
    0     17     41      -      0      3      0      0      0      0    405    195  32031     31      0 
    0     17     41      -      0      3      0      0      0      0    405    195  32031     31      0 
    0     17     41      -      0      3      0      0      0      0    405    195  32031     31      0 
    0     17     41      -      0      3      0      0      0      0    405    195  32031     31      0 
    0     17     41      -      0      3      0      0      0      0    405    195  32031     31      0 
    0     17     41      -      0      3      0      0      0      0    405    195  32031     31      0 
    0     17     41      -      0      3      0      0      0      0    405    195  32031     31      0 
    0     17     41      -      0      3      0      0      0      0    405    195  32031     31      0 
    0     17     41      -      0      3      0      0      0      0    405    195  32031     31      0 
    0     17     41      -      0      3      0      0      0      0    405    195  32031     31      0 
    0     17     41      -      0      3      0      0      0      0    405    195  32032     31      0 
    0     18     41      -      0      3      0      0      0      0    405    195  32031     31      0 
    0     17     41      -      0      3      0      0      0      0    405    195  32031     31      0 
    0     18     41      -      0      2      0      0      0      0    405    195  32031     31      0 
    0     18     41      -      0      2      0      0      0      0    405    195  32031     31      0 
    0     17     41      -      0      2      0      0      0      0    405    195  32031     31      0 
# gpu    pwr  gtemp  mtemp     sm    mem    enc    dec    jpg    ofa   mclk   pclk     fb   bar1   ccpm 
# Idx      W      C      C      %      %      %      %      %      %    MHz    MHz     MB     MB     MB 
    0     17     41      -      0      2      0      0      0      0    405    195  32031     31      0 
    0     17     41      -      0      2      0      0      0      0    405    195  32031     31      0 
    0     17     41      -      0      2      0      0      0      0    405    195  32031     31      0 
    0     17     41      -      0      2      0      0      0      0    405    195  32031     31      0 
    0     16     41      -      0      2      0      0      0      0    405    195  32031     31      0 
    0     16     41      -      0      2      0      0      0      0    405    195  32031     31      0 
    0     16     41      -      0      2      0      0      0      0    405    195  32031     31      0 
    0     16     41      -      0      2      0      0      0      0    405    210  32031     31      0 
    0     16     41      -      0      2      0      0      0      0    405    195  32031     31      0 
    0     16     41      -      0      2      0      0      0      0    405    195  32031     31      0 
    0     16     41      -      0      2      0      0      0      0    405    195  32031     31      0 
    0     16     41      -      0      2      0      0      0      0    405    195  32031     31      0 
    0     17     41      -      0      2      0      0      0      0    405    195  32031     31      0 
    0     17     41      -      0      2      0      0      0      0    405    195  32031     31      0 
    0     17     41      -      0      2      0      0      0      0    405    195  32031     31      0 
    0     16     41      -      0      2      0      0      0      0    405    195  32031     31      0 
    0     17     41      -      0      2      0      0      0      0    405    195  32031     31      0 
    0     17     41      -      0      3      0      0      0      0    405    195  32031     31      0 
    0     17     41      -      0      3      0      0      0      0    405    195  32031     31      0 
    0     16     41      -      0      3      0      0      0      0    405    195  32031     31      0 
    0     17     41      -      0      3      0      0      0      0    405    195  32031     31      0 
    0     17     41      -      0      3      0      0      0      0    405    195  32031     31      0 
    0     16     41      -      0      3      0      0      0      0    405    195  32031     31      0 
    0     16     41      -      0      3      0      0      0      0    405    195  32031     31      0 
    0     16     41      -      0      3      0      0      0      0    405    195  32031     31      0 
    0     16     41      -      0      3      0      0      0      0    405    195  32031     31      0 
    0     17     41      -      0      3      0      0      0      0    405    195  32032     31      0 
    0     17     41      -      0      2      0      0      0      0    405    195  32031     31      0 
    0     17     41      -      0      2      0      0      0      0    405    195  32031     31      0 
    0     17     41      -      0      2      0      0      0      0    405    195  32031     31      0 
    0     16     41      -      0      2      0      0      0      0    405    195  32031     31      0 
    0     16     41      -      0      2      0      0      0      0    405    195  32031     31      0 
    0     17     41      -      0      2      0      0      0      0    405    195  32031     31      0 
    0     16     41      -      0      2      0      0      0      0    405    195  32031     31      0 
    0     17     41      -      0      2      0      0      0      0    405    195  32031     31      0 
    0     17     41      -      0      2      0      0      0      0    405    195  32031     31      0 
    0     17     41      -      0      2      0      0      0      0    405    187  32031     31      0 
    0     17     41      -      0      2      0      0      0      0    405    195  32031     31      0 
    0     17     41      -      0      2      0      0      0      0    405    195  32031     31      0 
    0     16     41      -      0      2      0      0      0      0    405    195  32031     31      0 
    0     16     41      -      0      2      0      0      0      0    405    195  32031     31      0 
    0     16     41      -      0      2      0      0      0      0    405    195  32031     31      0 
    0     17     41      -      0      2      0      0      0      0    405    195  32031     31      0 
    0     17     41      -      0      2      0      0      0      0    405    195  32031     31      0 
# gpu    pwr  gtemp  mtemp     sm    mem    enc    dec    jpg    ofa   mclk   pclk     fb   bar1   ccpm 
# Idx      W      C      C      %      %      %      %      %      %    MHz    MHz     MB     MB     MB 
    0     16     41      -      0      2      0      0      0      0    405    195  32031     31      0 
    0     16     41      -      0      2      0      0      0      0    405    195  32031     31      0 
    0     16     41      -      0      2      0      0      0      0    405    195  32031     31      0 
    0     17     41      -      0      2      0      0      0      0    405    195  32031     31      0 
    0     17     41      -      0      2      0      0      0      0    405    195  32031     31      0 
    0     16     41      -      0      2      0      0      0      0    405    195  32031     31      0 
    0     17     41      -      0      2      0      0      0      0    405    195  32031     31      0 
    0     17     41      -      0      2      0      0      0      0    405    195  32031     31      0 
    0     16     41      -      0      2      0      0      0      0    405    195  32031     31      0 
    0     16     41      -      0      2      0      0      0      0    405    195  32031     31      0 
    0     16     41      -      0      2      0      0      0      0    405    195  32031     31      0 
    0     16     41      -      0      2      0      0      0      0    405    195  32031     31      0 
    0     17     41      -      0      2      0      0      0      0    405    307  32031     31      0 
    0     16     41      -      0      2      0      0      0      0    405    195  32031     31      0 
    0     17     41      -      0      2      0      0      0      0    405    195  32031     31      0 
    0     16     41      -      0      2      0      0      0      0    405    195  32031     31      0 
    0     17     41      -      0      2      0      0      0      0    405    195  32031     31      0 
    0     16     41      -      0      2      0      0      0      0    405    195  32031     31      0 
    0     16     41      -      0      2      0      0      0      0    405    195  32031     31      0 
    0     16     41      -      0      2      0      0      0      0    405    195  32031     31      0 
    0     16     41      -      0      2      0      0      0      0    405    195  32031     31      0 
    0     16     41      -      0      2      0      0      0      0    405    195  32031     31      0 
    0     16     41      -      0      3      0      0      0      0    405    195  32031     31      0 
    0     17     41      -      0      2      0      0      0      0    405    195  32031     31      0 
    0     17     41      -      0      2      0      0      0      0    405    195  32031     31      0 
    0     17     41      -      0      2      0      0      0      0    405    187  32031     31      0 
    0     17     41      -      0      2      0      0      0      0    405    195  32031     31      0 
    0     17     41      -      0      2      0      0      0      0    405    202  32031     31      0 
    0     17     41      -      0      2      0      0      0      0    405    195  32031     31      0 
    0     16     41      -      0      3      0      0      0      0    405    195  32031     31      0 
    0     16     41      -      0      2      0      0      0      0    405    195  32031     31      0 
    0     17     41      -      0      2      0      0      0      0    405    195  32031     31      0 
    0     17     41      -      0      2      0      0      0      0    405    195  32031     31      0 
    0     16     41      -      0      2      0      0      0      0    405    195  32031     31      0 
    0     16     41      -      0      2      0      0      0      0    405    195  32031     31      0 
    0     17     41      -      0      2      0      0      0      0    405    195  32031     31      0 
    0     16     41      -      0      2      0      0      0      0    405    195  32031     31      0 
    0     17     41      -      0      2      0      0      0      0    405    195  32031     31      0 
    0     17     41      -      0      2      0      0      0      0    405    195  32031     31      0 
    0     17     41      -      0      2      0      0      0      0    405    195  32031     31      0 
    0     17     41      -      0      2      0      0      0      0    405    195  32031     31      0 
    0     17     41      -      0      2      0      0      0      0    405    195  32031     31      0 
    0     17     41      -      0      3      0      0      0      0    405    330  32031     31      0 
    0     17     41      -      0      3      0      0      0      0    405    195  32031     31      0 
# gpu    pwr  gtemp  mtemp     sm    mem    enc    dec    jpg    ofa   mclk   pclk     fb   bar1   ccpm 
# Idx      W      C      C      %      %      %      %      %      %    MHz    MHz     MB     MB     MB 
    0     17     41      -      0      3      0      0      0      0    405    210  32031     31      0 
    0     17     41      -      0      3      0      0      0      0    405    195  32031     31      0 
    0     16     41      -      0      3      0      0      0      0    405    195  32031     31      0 
    0     16     41      -      0      3      0      0      0      0    405    195  32031     31      0 
    0     16     41      -      0      3      0      0      0      0    405    195  32031     31      0 
    0     16     41      -      0      3      0      0      0      0    405    195  32031     31      0 
    0     16     41      -      0      3      0      0      0      0    405    195  32031     31      0 
    0     16     41      -      0      3      0      0      0      0    405    187  32031     31      0 
    0     16     41      -      0      3      0      0      0      0    405    195  32031     31      0 
    0     16     41      -      0      3      0      0      0      0    405    195  32031     31      0 
    0     16     41      -      0      3      0      0      0      0    405    195  32031     31      0 
    0     16     41      -      0      3      0      0      0      0    405    195  32031     31      0 
